date,condition,movie,conditioned_successful_passage_fraction,conditioned_escape_passage_fraction,conditioned_signed_passage_fraction,conditioned_decision_fraction,conditioned_productive_share,conditioned_up_passage_count,conditioned_down_passage_count,conditioned_decision_count,conditioned_first_passage_risk_time_s,conditioned_up_first_passage_score_s,conditioned_down_first_passage_score_s,conditioned_net_first_passage_score_s,conditioned_signed_first_passage_rate_s,conditioned_episode_drift_speed_um_s,conditioned_episode_receptor_gain_rate_s,conditioned_selected_time_s,conditioned_n_tracks,conditioned_n_episodes,conditioned_n_events,conditioned_median_receptor_contrast_percent,conditioned_up_first_passage_rate_s,conditioned_down_first_passage_rate_s,conditioned_decision_first_passage_rate_s,conditioned_excess_first_passage_rate_s,conditioned_first_passage_directional_index,conditioned_first_passage_log_rate_ratio,tracking_qc_status,tracking_qc_flags,raw_detections_per_frame_median,spot_snr_median,accepted_tracks,median_track_length,track_weighted_exact_pair_fraction,exact_step_near_search_fraction,exact_step_q95_um,quality_threshold,search_range_pixels,conditioned_qc_filter,conditioned_excluded_by_filter,conditioned_min_movie_tracks,conditioned_excluded_by_min_movie_tracks,conditioned_included_in_date_average,conditioned_top_fraction,conditioned_high_gradient_cutoff_percent,conditioned_passage_distance_um,conditioned_window_label
2025-11-17,SBA_NAI,100XIAV013,0.05178747015030201,0.03370206489675516,0.018085405253546846,0.08548953504705717,0.7195121951219512,37,13,50,5581.460693115235,0.011101377390857092,0.014071478400056058,-0.0029701010091989642,-0.0029701010091989642,-0.010903382667533693,-0.0017635959763363574,5767.257300781251,226,801,2885,10.92811499068208,0.006629089056497293,0.0023291393982287785,0.008958228454726071,0.004299949658268514,0.48,1.0216512475319812,warning,moderate_exact_frame_continuity;elevated_exact_step_median;high_detector_candidate_density,1596.5,3.308913096890044,1062,34.0,0.8465706496926134,0.0166553783634012,0.6278301571343918,0.001,8.0,support_gated_trackable_movies,False,10,False,True,0.1,9.1966917756456,0.75,top 10.0% exact-step finite-aperture cue gate; 0.75 um passage
2025-11-17,SBA_NAI,100XIAV014,0.020013802622498276,0.014492753623188406,0.005521048999309869,0.03450655624568668,0.8,6,1,7,4121.342495605469,0.008059151554130688,0.007251888317534773,0.0008072632365959153,0.0008072632365959153,0.00211261706638176,-6.029114549149592e-05,4147.340712646484,69,302,2075,11.145707021815113,0.0014558362976136339,0.00024263938293560565,0.0016984756805492396,0.0012131969146780283,0.7142857142857143,1.466337068793427,pass,,293.0,6.463869612093284,365,44.0,0.8555048212755912,0.0074050565957896,0.3495004792515714,0.001,8.0,support_gated_trackable_movies,False,10,False,True,0.1,9.1966917756456,0.75,top 10.0% exact-step finite-aperture cue gate; 0.75 um passage
2025-11-17,SBA_NAI,100XIAV015,0.05443871706758304,0.012027491408934707,0.04241122565864834,0.06646620847651775,0.8333333333333334,17,3,20,4365.355399414063,0.01467348323392922,0.004692562933416594,0.009980920300512626,0.009980920300512626,0.011697659859049145,0.0031444859146022176,4587.388767822265,97,430,2293,10.710844280776595,0.003894299190916234,0.0006872292689852178,0.004581528459901452,0.0032070699219310162,0.7,1.6094379124341003,warning,moderate_exact_frame_continuity,539.0,4.893981432494796,677,43.0,0.8410959060545625,0.0084538688386462,0.3894438971959852,0.001,8.0,support_gated_trackable_movies,False,10,False,True,0.1,9.1966917756456,0.75,top 10.0% exact-step finite-aperture cue gate; 0.75 um passage
2025-11-17,SBA_NAI,100XIAV016,0.022537878787878787,0.022727272727272728,-0.00018939393939394124,0.045265151515151515,0.75,3,1,4,1919.7078103027343,0.0003163804261752417,0.01057326901646825,-0.010256888590293008,-0.010256888590293008,-0.000618603598443731,0.001040752485779741,1923.5839743652343,22,125,962,12.422419703630244,0.0015627378207764366,0.0005209126069254788,0.0020836504277019154,0.0010418252138509577,0.5,0.8472978603872037,warning,moderate_exact_frame_continuity,159.0,6.061916501150966,181,39.0,0.8463837945832664,0.0054773082942097,0.2855630920016441,0.001,8.0,support_gated_trackable_movies,False,10,False,True,0.1,9.1966917756456,0.75,top 10.0% exact-step finite-aperture cue gate; 0.75 um passage
2025-11-17,SBA_NAI,100XIAV017,0.040178571428571425,0.0,0.040178571428571425,0.040178571428571425,1.0,3,0,3,1491.3366584472656,0.01664714582310266,0.0,0.01664714582310266,0.01664714582310266,0.023861300517882364,0.004904212424737508,1497.3371704101562,32,86,749,10.726037575142069,0.0020116182238311695,0.0,0.0020116182238311695,0.0020116182238311695,1.0,1.9459101490553132,pass,,314.0,6.05271906343873,244,50.0,0.8953307657524898,0.003454231433506,0.2482181433866164,0.001,8.0,support_gated_trackable_movies,False,10,False,True,0.1,9.1966917756456,0.75,top 10.0% exact-step finite-aperture cue gate; 0.75 um passage
2025-11-17,SBA_NAI,100XIAV018,0.07285182015389888,0.027272184790981785,0.04557963536291709,0.10012400494488066,0.8072916666666666,71,15,86,13021.368758789064,0.014271379850155478,0.009646283540149073,0.004625096310006404,0.004625096310006404,0.00798872995407092,0.002085160487851507,14007.278363281252,266,1431,7006,10.69807257640621,0.005452575786403174,0.001151952630930248,0.006604528417333422,0.004300623155472926,0.6511627906976745,1.5288574257747611,warning,moderate_exact_frame_continuity;elevated_exact_step_median,1482.5,3.774422922160339,2049,49.0,0.82271092642244,0.0104997900041999,0.4163303617639399,0.001,8.0,support_gated_trackable_movies,False,10,False,True,0.1,9.1966917756456,0.75,top 10.0% exact-step finite-aperture cue gate; 0.75 um passage
2025-11-17,SBA_NAI,100XIAV019,0.07469696969696969,0.026515151515151512,0.04818181818181818,0.10121212121212121,0.8333333333333334,22,5,27,4948.868816162109,0.01155014334096032,0.012820490648915484,-0.0012703473079551646,-0.0012703473079551646,0.01233479933593223,0.0015305164422074987,5272.798473876953,110,453,2637,11.005220045299204,0.004445460329874169,0.0010103318931532202,0.005455792223027389,0.003435128436720949,0.6296296296296297,1.4087672169719492,warning,moderate_exact_frame_continuity;elevated_exact_step_median,940.0,3.900639421182207,874,47.0,0.8209216251313716,0.009389902168035,0.3590613320287268,0.001,8.0,support_gated_trackable_movies,False,10,False,True,0.1,9.1966917756456,0.75,top 10.0% exact-step finite-aperture cue gate; 0.75 um passage
2025-11-17,SBA_noNAI,100XIAV006,0.02304964539007092,0.0070921985815602835,0.015957446808510637,0.030141843971631204,0.75,4,1,5,1307.8928491210938,0.005475534699225191,0.0035175841869366275,0.001957950512288564,0.001957950512288564,0.018333652612395186,0.008512661015134858,1337.7735119628908,47,157,669,10.77605374743835,0.0030583545148121323,0.0007645886287030331,0.003822943143515165,0.002293765886109099,0.6,1.0986122886681098,warning,elevated_exact_step_median,699.0,2.9965655494533503,365,38.0,0.8969592702704933,0.0115979381443298,0.5267962534625081,0.005,8.0,support_gated_trackable_movies,False,10,False,True,0.1,9.1966917756456,0.75,top 10.0% exact-step finite-aperture cue gate; 0.75 um passage
2025-11-17,SBA_noNAI,100XIAV007,0.07111111111111111,0.0,0.07111111111111111,0.07111111111111111,1.0,4,0,4,479.53441918945316,0.005867692814820871,0.0,0.005867692814820871,0.005867692814820871,0.023223235877857195,0.011323179797317489,531.4865803222657,15,53,266,11.163008015911114,0.008341424181315525,0.0,0.008341424181315525,0.008341424181315525,1.0,2.1972245773362196,warning,elevated_exact_step_median,522.0,2.55856810837483,192,33.0,0.8513253493461929,0.0170528266913809,0.5692141405250889,0.001,8.0,support_gated_trackable_movies,False,10,False,True,0.1,9.1966917756456,0.75,top 10.0% exact-step finite-aperture cue gate; 0.75 um passage
2025-11-17,SBA_noNAI,100XIAV008,0.07629475403021109,0.0,0.07629475403021109,0.07629475403021109,1.0,17,0,17,1643.8203081054685,0.011335416032987001,0.0,0.011335416032987001,0.011335416032987001,0.03575798180055929,0.010001275064609336,1821.841950439453,38,206,911,12.680104584562972,0.010341762975049747,0.0,0.010341762975049747,0.010341762975049747,1.0,3.5553480614894135,warning,moderate_exact_frame_continuity;elevated_exact_step_median,256.0,3.465486844383965,220,35.5,0.8382504978215423,0.0123543591803937,0.5119911139326447,0.005,8.0,support_gated_trackable_movies,False,10,False,True,0.1,9.1966917756456,0.75,top 10.0% exact-step finite-aperture cue gate; 0.75 um passage
2025-11-17,SBA_noNAI,100XIAV009,0.11162788393909676,0.007246376811594202,0.10438150712750253,0.11887426075069095,0.9285714285714286,23,1,24,2103.885207519531,0.010535964569178885,0.0012083324056225587,0.009327632163556325,0.009327632163556325,0.029312814496892804,0.01185092420154363,2857.9652170410154,46,340,1429,11.81402935848324,0.010932155384616669,0.00047531110367898566,0.011407466488295655,0.010456844280937684,0.9166666666666666,2.751535313041949,warning,moderate_exact_frame_continuity;elevated_exact_step_median;low_detection_survival;low_spot_snr_margin_with_weak_linking,350.0,2.612347831694414,164,39.0,0.8166355359466114,0.0119423163587201,0.4754923228400263,0.001,8.0,support_gated_trackable_movies,False,10,False,True,0.1,9.1966917756456,0.75,top 10.0% exact-step finite-aperture cue gate; 0.75 um passage
2025-11-17,SBA_noNAI,100XIAV010,0.10994397759103641,0.0,0.10994397759103641,0.10994397759103641,1.0,5,0,5,547.6943735351563,0.024694944995220878,0.0,0.024694944995220878,0.024694944995220878,0.04841951181535054,0.014728202587155133,639.7330844726563,17,81,320,11.562667872513735,0.009129179048758389,0.0,0.009129179048758389,0.009129179048758389,1.0,2.3978952727983707,warning,elevated_exact_step_median;low_detection_survival,372.5,2.9038488236400104,119,39.0,0.8639722235522499,0.0090932709794751,0.3983128082342944,0.001,8.0,support_gated_trackable_movies,False,10,False,True,0.1,9.1966917756456,0.75,top 10.0% exact-step finite-aperture cue gate; 0.75 um passage
2025-11-17,SBA_noNAI,100XIAV011,0.09151193633952254,0.011494252873563218,0.08001768346595932,0.10300618921308577,0.8333333333333334,6,1,7,1219.0684396972658,0.0048669238581934005,0.000957903673311383,0.003909020184882018,0.003909020184882018,0.014575345716864046,0.008813442239956842,1437.0418515625001,29,135,719,11.498072383309779,0.0049217909385710894,0.0008202984897618483,0.005742089428332938,0.0041014924488092415,0.7142857142857143,1.466337068793427,warning,elevated_exact_step_median,339.5,3.1489685644936394,175,53.0,0.8616377992665047,0.0128691411541587,0.4492771558793704,0.001,8.0,support_gated_trackable_movies,False,10,False,True,0.1,9.1966917756456,0.75,top 10.0% exact-step finite-aperture cue gate; 0.75 um passage
2025-11-17,SBA_noNAI,100XIAV012,0.0640575980392157,0.01,0.054057598039215685,0.07405759803921569,0.8181818181818182,12,2,14,2444.7035583496095,0.008387323945240685,0.0024996043498139975,0.005887719595426688,0.005887719595426688,0.015472012237787592,0.006467148970930349,2820.6617568359375,40,281,1411,11.847113930615581,0.004908570594997235,0.0008180950991662059,0.005726665694163441,0.0040904754958310295,0.7142857142857143,1.6094379124341003,warning,moderate_exact_frame_continuity;elevated_exact_step_median,320.0,3.369386751113431,269,49.0,0.8387698760434816,0.0106851444113456,0.4086016151659105,0.001,8.0,support_gated_trackable_movies,False,10,False,True,0.1,9.1966917756456,0.75,top 10.0% exact-step finite-aperture cue gate; 0.75 um passage
2025-11-17,SBA_noNAI,100XIAV024,0.04725085910652921,0.01254295532646048,0.03470790378006873,0.059793814432989686,0.7696078431372549,17,7,24,5145.862301757812,0.007838202843600471,0.0050757244284921,0.002762478415108371,0.002762478415108371,0.005851650586702786,0.0043134889710202155,5341.886246582031,97,437,2672,17.79865707356455,0.003303625126967126,0.0013603162287511696,0.0046639413557182955,0.0019433088982159566,0.4166666666666667,0.8472978603872037,pass,,175.0,4.713682329721368,105,45.0,0.8695672806474208,0.0066330591668877,0.3733149658419789,0.001,8.0,support_gated_trackable_movies,False,10,False,True,0.1,9.1966917756456,0.75,top 10.0% exact-step finite-aperture cue gate; 0.75 um passage
2025-11-17,SBA_noNAI,100XIAV025,0.14494949494949494,0.025757575757575757,0.11919191919191918,0.17070707070707072,0.7166666666666666,9,4,13,1976.0680021972657,0.009107605060700383,0.004874504384379391,0.004233100676320993,0.004233100676320993,-0.007366600560563452,-0.002273241544983385,2239.7174606933595,33,102,1121,20.59877693062141,0.004554499131605064,0.002024221836268917,0.006578720967873981,0.0025302772953361466,0.38461538461538464,0.7472144018302211,pass,,48.0,10.752323989261525,35,55.0,0.9303180065073082,0.0097465886939571,0.5279332259036562,0.001,8.0,support_gated_trackable_movies,False,10,False,True,0.1,9.1966917756456,0.75,top 10.0% exact-step finite-aperture cue gate; 0.75 um passage
2025-11-17,SBA_noNAI,100XIAV026,0.11574037503873387,0.01295365206023513,0.10278672297849875,0.12869402709896902,0.867816091954023,168,23,191,25076.801745605473,0.013004239246837801,0.003414811641506119,0.009589427605331682,0.009589427605331682,0.013091087993067923,0.008860981461736544,30474.565089111333,319,2105,15239,22.737905443848994,0.006699418917304348,0.0009171823517738095,0.007616601269078157,0.005782236565530539,0.7591623036649214,1.9699353286423031,warning,elevated_exact_step_median,297.0,3.5410763035272597,334,51.5,0.8509764744282782,0.0108514190317195,0.4399340219614133,0.001,8.0,support_gated_trackable_movies,False,10,False,True,0.1,9.1966917756456,0.75,top 10.0% exact-step finite-aperture cue gate; 0.75 um passage
2025-11-17,SBA_noNAI,100XIAV027,0.0931547619047619,0.007954545454545454,0.08520021645021646,0.10110930735930736,0.8333333333333334,16,3,19,4284.856667480469,0.005946688056923527,0.0025761092795111985,0.0033705787774123285,0.0033705787774123285,0.008437447676411802,0.007271179259005149,4720.8474851074225,68,293,2363,18.998098707924406,0.0037340805636348466,0.0007001401056815338,0.00443422066931638,0.003033940457953313,0.6842105263157895,1.550597412411167,pass,,114.0,5.405883927026243,73,52.0,0.8993606168724617,0.0032082130253448,0.3999357891247263,0.001,8.0,support_gated_trackable_movies,False,10,False,True,0.1,9.1966917756456,0.75,top 10.0% exact-step finite-aperture cue gate; 0.75 um passage
2025-11-17,SBA_noNAI,100XIAV028,0.14356257777310408,0.025552517657780816,0.11801006011532328,0.1691150954308849,0.7878787878787878,11,4,15,2468.5058986816407,0.019356058225464278,0.0027913581701198083,0.01656470005534447,0.016564700055344467,-0.023683909306668572,-0.014931314400589134,2990.557739746094,22,142,1496,15.945843070797697,0.004456136809668873,0.0016204133853341355,0.0060765501950030085,0.002835723424334737,0.4666666666666667,0.9382696385929302,warning,elevated_exact_step_median,21.0,18.254694531611054,26,133.5,0.9658901800411296,0.0054411193159735,0.5169500352189189,0.001,8.0,support_gated_trackable_movies,False,10,False,True,0.1,9.1966917756456,0.75,top 10.0% exact-step finite-aperture cue gate; 0.75 um passage
2025-11-17,SBA_noNAI,100XIAV029,0.06124031007751938,0.007751937984496124,0.053488372093023255,0.06899224806201551,0.8333333333333334,8,2,10,2691.245455078125,0.0036467164656543583,0.0023548030263049473,0.001291913439349411,0.001291913439349411,0.006185473177334684,0.00215716646264858,2777.4873742675777,43,172,1393,13.584905186215153,0.00297260139720989,0.0007431503493024725,0.0037157517465123626,0.0022294510479074175,0.6,1.2237754316221157,pass,,52.5,9.665656460806176,46,58.0,0.9755149571441828,0.0121608980355472,0.5492619217632472,0.001,8.0,support_gated_trackable_movies,False,10,False,True,0.1,9.1966917756456,0.75,top 10.0% exact-step finite-aperture cue gate; 0.75 um passage
2025-11-17,SBA_noNAI,100XIAV030,0.08648417977686271,0.0017421602787456446,0.08474201949811706,0.08822634005560835,0.9473684210526315,24,1,25,7610.579427734375,0.005793868997611502,0.00043618681567720994,0.005357682181934292,0.005357682181934292,0.005813882533781401,0.005660362608445763,8821.051630371094,82,507,4411,16.807690517551208,0.0031535049634380677,0.00013139604014325283,0.0032849010035813204,0.003022108923294815,0.92,2.793208009442517,pass,,60.0,5.788375064472769,90,54.0,0.8761132125044212,0.0046459468119192,0.3037530077631998,0.001,8.0,support_gated_trackable_movies,False,10,False,True,0.1,9.1966917756456,0.75,top 10.0% exact-step finite-aperture cue gate; 0.75 um passage
2025-11-24,SBA_NAI,100XIAV030,0.048989898989898986,0.009486166007905137,0.03950373298199385,0.058476064997804125,0.8064516129032258,25,6,31,11115.612075195313,0.0045635775129922234,0.0015933071390480797,0.0029702703739441444,0.0029702703739441444,0.013749239663378432,0.003274048452131311,11707.479162597656,253,929,5855,10.643931240413686,0.0022490889238378467,0.0005397813417210832,0.00278887026555893,0.0017093075821167634,0.6129032258064516,1.366876275262789,pass,,1062.5,7.90840377480523,1463,47.0,0.926064303826064,0.0046897593892891,0.2358975690810286,0.001,8.0,support_gated_trackable_movies,False,10,False,True,0.1,9.1966917756456,0.75,top 10.0% exact-step finite-aperture cue gate; 0.75 um passage
2025-11-24,SBA_NAI,100XIAV031,0.016899391335481562,0.007518796992481203,0.009380594343000358,0.024418188327962765,0.8571428571428571,7,1,8,8303.860295898437,0.005304264959205851,0.0037617325888613436,0.0015425323703445082,0.0015425323703445082,0.005958791830234524,0.0018799890661685681,8459.952474609374,133,583,4231,10.728025165769012,0.0008429814267778013,0.00012042591811111446,0.0009634073448889157,0.0007225555086666868,0.75,1.6094379124341003,pass,,634.5,9.78913296843156,967,56.0,0.9312032611291148,0.0030806370252936,0.1744645390490312,0.001,8.0,support_gated_trackable_movies,False,10,False,True,0.1,9.1966917756456,0.75,top 10.0% exact-step finite-aperture cue gate; 0.75 um passage
2025-11-24,SBA_NAI,100XIAV032,0.035158150851581506,0.004327424400417101,0.030830726451164407,0.03948557525199861,0.7692307692307693,11,3,14,9754.901654541016,0.0024754818379755313,0.0019028060605289648,0.0005726757774465665,0.0005726757774465665,0.016326117445904224,0.0035976121035216062,10067.18570263672,137,673,5036,10.639221374049503,0.0011276382263556062,0.0003075376980969835,0.0014351759244525897,0.0008201005282586228,0.5714285714285714,1.1895840668738364,pass,,754.5,7.819452149023367,958,73.0,0.9176122589504608,0.0032464549324676,0.169838024883911,0.001,8.0,support_gated_trackable_movies,False,10,False,True,0.1,9.1966917756456,0.75,top 10.0% exact-step finite-aperture cue gate; 0.75 um passage
2025-11-24,SBA_NAI,100XIAV033,0.029596560846560843,0.01171875,0.017877810846560847,0.04131531084656084,0.8,9,2,11,6525.284661621094,0.005732421982164227,0.0032492640646728126,0.0024831579174914146,0.0024831579174914146,0.02608192973465941,0.006316244345818379,6559.345640625,96,452,3283,10.881684922539474,0.00137925017324288,0.00030650003849841775,0.0016857502117412976,0.001072750134744462,0.6363636363636364,1.33500106673234,pass,,706.0,8.766372178657436,840,53.5,0.9396860270914662,0.0029030018722258,0.1692078794558225,0.001,8.0,support_gated_trackable_movies,False,10,False,True,0.1,9.1966917756456,0.75,top 10.0% exact-step finite-aperture cue gate; 0.75 um passage
2025-11-24,SBA_NAI,100XIAV034,0.037547715442452285,0.0015384615384615385,0.03600925390399075,0.03908617698091382,0.9285714285714286,18,1,19,12347.743771972655,0.0021358424052095684,0.0007687468303386719,0.0013670955748708961,0.0013670955748708961,0.01751793556768523,0.004078695672208773,12689.906431884765,130,999,6345,10.388676478036462,0.00145775619679257,8.0986455377365e-05,0.001538742652169935,0.001376769741415205,0.8947368421052632,2.512305623976115,pass,,674.0,9.12991814357466,1032,81.0,0.9227457569773624,0.0021296593734756,0.164372591725841,0.001,8.0,support_gated_trackable_movies,False,10,False,True,0.1,9.1966917756456,0.75,top 10.0% exact-step finite-aperture cue gate; 0.75 um passage
2025-11-24,SBA_NAI,100XIAV035,0.009749483471074379,0.0,0.009749483471074379,0.009749483471074379,1.0,9,0,9,14746.749563476562,0.0038756402765389134,0.0,0.0038756402765389134,0.0038756402765389134,0.022131497579844187,0.004945623929397982,14778.696822753906,176,953,7396,10.245040881185753,0.0006103039833462962,0.0,0.0006103039833462962,0.0006103039833462962,1.0,2.9444389791664403,warning,high_detector_candidate_density,1699.5,7.183822252488781,1985,102.0,0.929346366337313,0.0019089465963817,0.165228715571183,0.001,8.0,support_gated_trackable_movies,False,10,False,True,0.1,9.1966917756456,0.75,top 10.0% exact-step finite-aperture cue gate; 0.75 um passage
2025-11-24,SBA_noNAI,100XIAV039,0.011578295620848812,0.0,0.011578295620848812,0.011578295620848812,1.0,7,0,7,10769.705922363282,0.0033680247553919012,0.0,0.0033680247553919012,0.0033680247553919012,0.0054361245161191575,0.0013252051594401975,10791.568442382813,141,677,5399,10.375843906343755,0.0006499713223797976,0.0,0.0006499713223797976,0.0006499713223797976,1.0,2.70805020110221,pass,,1059.0,6.758501876153534,1241,69.0,0.920517590145658,0.00144875545008,0.1588986487216532,0.001,8.0,support_gated_trackable_movies,False,10,False,True,0.1,9.1966917756456,0.75,top 10.0% exact-step finite-aperture cue gate; 0.75 um passage
2025-11-24,SBA_noNAI,100XIAV040,0.01882440476190476,0.0,0.01882440476190476,0.01882440476190476,1.0,6,0,6,5491.026706787109,0.003936578623958723,0.0,0.003936578623958723,0.003936578623958723,0.01206462899048398,0.0032236966722139627,5520.991467773438,112,433,2766,11.047969237676039,0.001092691826208709,0.0,0.001092691826208709,0.001092691826208709,1.0,2.5649493574615367,warning,high_detector_candidate_density,2115.0,6.303302227319648,2011,47.0,0.9503745933734646,0.0018987183651035,0.1730831376303997,0.001,8.0,support_gated_trackable_movies,False,10,False,True,0.1,9.1966917756456,0.75,top 10.0% exact-step finite-aperture cue gate; 0.75 um passage
2025-11-24,SBA_noNAI,100XIAV041,0.01256830601092896,0.00819672131147541,0.004371584699453552,0.02076502732240437,0.75,3,1,4,7431.652400634765,0.002236194485299023,0.004089040020446958,-0.0018528455351479343,-0.0018528455351479343,0.010456065639004057,0.00247900563983497,7439.8209675292965,122,533,3722,10.936528800988492,0.0004036787296111641,0.0001345595765370547,0.0005382383061482188,0.0002691191530741094,0.5,0.8472978603872037,warning,high_detector_candidate_density,2375.0,6.174522945301463,2394,63.0,0.9434880408712571,0.0011153047287304,0.1528222185273346,0.001,8.0,support_gated_trackable_movies,False,10,False,True,0.1,9.1966917756456,0.75,top 10.0% exact-step finite-aperture cue gate; 0.75 um passage
2025-11-24,SBA_noNAI,100XIAV042,0.06697741561144772,0.001059322033898305,0.06591809357754942,0.06803673764534604,0.9565217391304348,32,1,33,5508.240201904297,0.014085646313036857,0.0005635150503324487,0.013522131262704408,0.013522131262704408,0.029137098200785305,0.007374140064586168,5856.070670166016,118,688,2931,10.59432749191824,0.005809477950677792,0.000181546185958681,0.005991024136636473,0.005627931764719111,0.9393939393939394,3.0757749812275277,warning,elevated_exact_step_median,1252.0,5.275375958695587,1250,69.0,0.9084240905716302,0.0065527831637346,0.3936416824790495,0.001,8.0,support_gated_trackable_movies,False,10,False,True,0.1,9.1966917756456,0.75,top 10.0% exact-step finite-aperture cue gate; 0.75 um passage
2025-11-24,SBA_noNAI,100XIAV043,0.10900923358788527,0.018414481897627965,0.0905947516902573,0.12742371548551323,0.8804347826086957,50,6,56,6761.821547363281,0.012620113028544365,0.008506226756073161,0.0041138862724712025,0.004113886272471203,0.023980786584050135,0.0071770452957694375,7769.96839868164,178,698,3888,11.014711755764559,0.007394457196152582,0.0008873348635383099,0.008281792059690892,0.006507122332614273,0.7857142857142857,2.0501711593797225,warning,elevated_exact_step_median,1088.5,3.613890664409086,809,60.0,0.904768787960058,0.0115323698277568,0.5331007100759129,0.001,8.0,support_gated_trackable_movies,False,10,False,True,0.1,9.1966917756456,0.75,top 10.0% exact-step finite-aperture cue gate; 0.75 um passage
2025-11-24,SBA_noNAI,100XIAV044,0.09365079365079364,0.0,0.09365079365079364,0.09365079365079364,1.0,11,0,11,1216.460938232422,0.015878056370323867,0.0,0.015878056370323867,0.015878056370323867,0.05123131800113254,0.013676199386863968,1350.3868381347656,44,176,676,11.558163134489526,0.009042624924712786,0.0,0.009042624924712786,0.009042624924712786,1.0,3.1354942159291497,warning,elevated_exact_step_median,626.5,4.181842547576938,413,44.0,0.916381659534539,0.0073007641921397,0.4006075168965191,0.001,8.0,support_gated_trackable_movies,False,10,False,True,0.1,9.1966917756456,0.75,top 10.0% exact-step finite-aperture cue gate; 0.75 um passage
2025-12-03,SBA_NAI,100XIAV060,0.06844813463633785,0.02455590154570381,0.043892233090634045,0.09300403618204166,0.734313725490196,172,52,224,22040.787263183593,0.014352798260314176,0.008788266741922537,0.005564531518391639,0.005564531518391639,0.017136520993097214,0.005831988949966794,23818.507291503905,473,2727,11919,12.488942889271216,0.007803713993796615,0.0023592623702175814,0.010162976364014196,0.005444451623579034,0.5357142857142857,1.1895840668738364,warning,elevated_exact_step_median,787.0,3.590257903330978,572,39.0,0.8505087937739749,0.0143667753229506,0.539439747964003,0.002,8.0,support_gated_trackable_movies,False,10,False,True,0.1,9.1966917756456,0.75,top 10.0% exact-step finite-aperture cue gate; 0.75 um passage
2025-12-03,SBA_NAI,100XIAV061,0.030198112177896072,0.007568590350047304,0.022629521827848772,0.03776670252794338,0.75,23,6,29,10628.180296142578,0.003486287112607316,0.002087652622052001,0.0013986344905553157,0.0013986344905553157,0.007026355430589654,0.003426004061366826,11043.993203857422,151,763,5526,13.104222698899498,0.002164058132166584,0.0005645369040434567,0.002728595036210041,0.0015995212281231274,0.5862068965517241,1.285198244248522,pass,,226.0,5.6819821509518915,190,46.0,0.8812819031871916,0.0036518563603164,0.2768002169429022,0.002,8.0,support_gated_trackable_movies,False,10,False,True,0.1,9.1966917756456,0.75,top 10.0% exact-step finite-aperture cue gate; 0.75 um passage
2025-12-03,SBA_NAI,100XIAV062,0.0,0.0,0.0,0.0,,0,0,0,1760.6312119140625,0.0,0.0,0.0,0.0,0.009583273757939733,0.002300619547193887,1760.6312119140625,30,139,881,10.93869584900175,0.0,0.0,0.0,0.0,,0.0,pass,,79.0,7.961923296854432,64,64.0,0.9302648978895824,0.0030248033877797,0.258587240375669,0.002,8.0,support_gated_trackable_movies,False,10,False,True,0.1,9.1966917756456,0.75,top 10.0% exact-step finite-aperture cue gate; 0.75 um passage
2025-12-03,SBA_NAI,100XIAV063,0.02975598199478796,0.0016583747927031507,0.028097607202084814,0.03141435678749111,0.8571428571428571,12,1,13,3109.0577248535155,0.004947864351486321,0.0004126547447535401,0.004535209606732781,0.004535209606732781,0.01952834592732819,0.005820621566834035,3168.929122558594,67,367,1586,12.049669410325812,0.003859690318411629,0.00032164085986763574,0.0041813311782792646,0.0035380494585439933,0.8461538461538461,2.120263536200091,warning,elevated_exact_step_median;low_detection_survival,393.0,3.493983536568331,135,50.0,0.8712379205095412,0.0097017606899029,0.3415793192700886,0.002,8.0,support_gated_trackable_movies,False,10,False,True,0.1,9.1966917756456,0.75,top 10.0% exact-step finite-aperture cue gate; 0.75 um passage
2025-12-03,SBA_NAI,100XIAV064,0.006060606060606061,0.0,0.006060606060606061,0.006060606060606061,1.0,1,0,1,858.6598278808594,0.00023305188341280711,0.0,0.00023305188341280711,0.00023305188341280711,-0.008333175293232555,-0.0022858668330295426,866.5478879394532,15,49,434,11.511524790510482,0.0011646055487048495,0.0,0.0011646055487048495,0.0011646055487048495,1.0,1.0986122886681098,pass,,87.0,8.084953479694875,64,67.5,0.9206191965383902,0.0027347310847766,0.23174987102491,0.002,8.0,support_gated_trackable_movies,False,10,False,True,0.1,9.1966917756456,0.75,top 10.0% exact-step finite-aperture cue gate; 0.75 um passage
2025-12-03,SBA_noNAI,100XIAV070,0.0655190721228457,0.00432764300688829,0.061191429115957416,0.069846715129734,0.8461538461538461,26,4,30,5320.90111743164,0.017949686109921058,0.0007776476615723446,0.017172038448348713,0.017172038448348713,0.026791895050866005,0.006618991696699516,5583.106995117188,159,748,2793,10.971371182554613,0.004886390373769999,0.0007517523651953845,0.005638142738965384,0.004134638008574615,0.7333333333333333,1.7730673362159026,pass,,725.5,2.999074839612127,476,46.0,0.9053348221569396,0.0091051646517274,0.3924813705873961,0.005,8.0,support_gated_trackable_movies,False,10,False,True,0.1,9.1966917756456,0.75,top 10.0% exact-step finite-aperture cue gate; 0.75 um passage
2025-12-03,SBA_noNAI,100XIAV071,0.05003525165722397,0.027369281045751634,0.022665970611472342,0.07740453270297562,0.7,27,9,36,6351.834310791017,0.014851941804454306,0.006995918323731298,0.007856023480723008,0.007856023480723008,0.01340140051676091,0.004344048757395721,6973.963444580079,136,693,3487,11.328078278926863,0.0042507406016763045,0.0014169135338921014,0.005667654135568406,0.002833827067784203,0.5,1.0628942060660305,pass,,592.0,2.831418255203822,483,42.0,0.8777216526572611,0.0089763431350873,0.4155715278697701,0.005,8.0,support_gated_trackable_movies,False,10,False,True,0.1,9.1966917756456,0.75,top 10.0% exact-step finite-aperture cue gate; 0.75 um passage
2025-12-03,SBA_noNAI,100XIAV072,0.021562850729517392,0.01812570145903479,0.0034371492704826038,0.03968855218855219,0.5789473684210527,11,8,19,6861.008981201172,0.004159057991942741,0.00714479721412895,-0.002985739222186209,-0.002985739222186209,-0.0048443939482386515,-0.0011118716761226168,7016.594521728515,198,670,3493,10.609024951689532,0.0016032627314932046,0.0011660092592677852,0.00276927199076099,0.00043725347222541944,0.15789473684210525,0.3022808718729337,pass,,1011.0,4.569945132921325,852,39.0,0.932607870785339,0.0056397363593123,0.2809216962111148,0.001,8.0,support_gated_trackable_movies,False,10,False,True,0.1,9.1966917756456,0.75,top 10.0% exact-step finite-aperture cue gate; 0.75 um passage
2025-12-03,SBA_noNAI,100XIAV073,0.045127638684339715,0.015463917525773196,0.029663721158566518,0.06059155621011291,0.875,15,3,18,4617.191490478515,0.006931272559206175,0.001372101765425902,0.005559170793780272,0.005559170793780272,0.009095945074281487,0.003750178121221042,4825.187387207031,97,370,2413,11.079969510016662,0.0032487281567014745,0.0006497456313402949,0.0038984737880417694,0.0025989825253611796,0.6666666666666666,1.488077055429833,pass,,379.0,3.302194157662543,270,37.0,0.9177240020832652,0.0047465158553827,0.2505551767024346,0.005,8.0,support_gated_trackable_movies,False,10,False,True,0.1,9.1966917756456,0.75,top 10.0% exact-step finite-aperture cue gate; 0.75 um passage
