date,condition,movie,conditioned_ci,conditioned_n_tracks,conditioned_n_events,conditioned_median_receptor_contrast_percent,tracking_qc_status,tracking_qc_flags,raw_detections_per_frame_median,spot_snr_median,accepted_tracks,median_track_length,track_weighted_exact_pair_fraction,exact_step_near_search_fraction,exact_step_q95_um,quality_threshold,search_range_pixels,conditioned_qc_filter,conditioned_excluded_by_filter,conditioned_min_movie_tracks,conditioned_excluded_by_min_movie_tracks,conditioned_included_in_date_average,conditioned_top_fraction,conditioned_high_gradient_cutoff_percent,conditioned_window_label
2025-11-17,SBA_NAI,100XIAV013,0.08918676113967541,139,267,12.590211773853616,warning,moderate_exact_frame_continuity;elevated_exact_step_median;high_detector_candidate_density,1596.5,3.308913096890044,1062,34.0,0.8465706496926134,0.0166553783634012,0.6278301571343918,0.001,8.0,support_gated_trackable_movies,False,5,False,True,0.1,9.1966917756456,top 10.0% first-passage finite-aperture cue gate
2025-11-17,SBA_NAI,100XIAV014,-0.03733556179415633,34,58,10.303740495655177,pass,,293.0,6.463869612093284,365,44.0,0.8555048212755912,0.0074050565957896,0.3495004792515714,0.001,8.0,support_gated_trackable_movies,False,5,False,True,0.1,9.1966917756456,top 10.0% first-passage finite-aperture cue gate
2025-11-17,SBA_NAI,100XIAV015,0.054235929928212086,43,76,11.365105820687251,warning,moderate_exact_frame_continuity,539.0,4.893981432494796,677,43.0,0.8410959060545625,0.0084538688386462,0.3894438971959852,0.001,8.0,support_gated_trackable_movies,False,5,False,True,0.1,9.1966917756456,top 10.0% first-passage finite-aperture cue gate
2025-11-17,SBA_NAI,100XIAV016,0.2566212928504848,6,11,11.25757061917913,warning,moderate_exact_frame_continuity,159.0,6.061916501150966,181,39.0,0.8463837945832664,0.0054773082942097,0.2855630920016441,0.001,8.0,support_gated_trackable_movies,False,5,False,True,0.1,9.1966917756456,top 10.0% first-passage finite-aperture cue gate
2025-11-17,SBA_NAI,100XIAV017,-0.03405759383441728,13,22,10.085966894972326,pass,,314.0,6.05271906343873,244,50.0,0.8953307657524898,0.003454231433506,0.2482181433866164,0.001,8.0,support_gated_trackable_movies,False,5,False,True,0.1,9.1966917756456,top 10.0% first-passage finite-aperture cue gate
2025-11-17,SBA_NAI,100XIAV018,0.15630149010320954,160,365,11.43846036975022,warning,moderate_exact_frame_continuity;elevated_exact_step_median,1482.5,3.774422922160339,2049,49.0,0.82271092642244,0.0104997900041999,0.4163303617639399,0.001,8.0,support_gated_trackable_movies,False,5,False,True,0.1,9.1966917756456,top 10.0% first-passage finite-aperture cue gate
2025-11-17,SBA_NAI,100XIAV019,0.12329329284426752,52,112,12.376796732507549,warning,moderate_exact_frame_continuity;elevated_exact_step_median,940.0,3.900639421182207,874,47.0,0.8209216251313716,0.009389902168035,0.3590613320287268,0.001,8.0,support_gated_trackable_movies,False,5,False,True,0.1,9.1966917756456,top 10.0% first-passage finite-aperture cue gate
2025-11-17,SBA_noNAI,100XIAV006,0.17779049245470524,25,31,11.687300658745023,warning,elevated_exact_step_median,699.0,2.9965655494533503,365,38.0,0.8969592702704933,0.0115979381443298,0.5267962534625081,0.005,8.0,support_gated_trackable_movies,False,5,False,True,0.1,9.1966917756456,top 10.0% first-passage finite-aperture cue gate
2025-11-17,SBA_noNAI,100XIAV007,0.4142490260993502,10,16,11.896031414937768,warning,elevated_exact_step_median,522.0,2.55856810837483,192,33.0,0.8513253493461929,0.0170528266913809,0.5692141405250889,0.001,8.0,support_gated_trackable_movies,False,5,False,True,0.1,9.1966917756456,top 10.0% first-passage finite-aperture cue gate
2025-11-17,SBA_noNAI,100XIAV008,0.357415941002461,23,62,14.822884553375035,warning,moderate_exact_frame_continuity;elevated_exact_step_median,256.0,3.465486844383965,220,35.5,0.8382504978215423,0.0123543591803937,0.5119911139326447,0.005,8.0,support_gated_trackable_movies,False,5,False,True,0.1,9.1966917756456,top 10.0% first-passage finite-aperture cue gate
2025-11-17,SBA_noNAI,100XIAV009,0.35721806308519644,24,64,12.620743443684722,warning,moderate_exact_frame_continuity;elevated_exact_step_median;low_detection_survival;low_spot_snr_margin_with_weak_linking,350.0,2.612347831694414,164,39.0,0.8166355359466114,0.0119423163587201,0.4754923228400263,0.001,8.0,support_gated_trackable_movies,False,5,False,True,0.1,9.1966917756456,top 10.0% first-passage finite-aperture cue gate
2025-11-17,SBA_noNAI,100XIAV010,0.3813576135610063,10,18,14.247560993290554,warning,elevated_exact_step_median;low_detection_survival,372.5,2.9038488236400104,119,39.0,0.8639722235522499,0.0090932709794751,0.3983128082342944,0.001,8.0,support_gated_trackable_movies,False,5,False,True,0.1,9.1966917756456,top 10.0% first-passage finite-aperture cue gate
2025-11-17,SBA_noNAI,100XIAV011,-0.030586611394404502,13,24,11.90348121361314,warning,elevated_exact_step_median,339.5,3.1489685644936394,175,53.0,0.8616377992665047,0.0128691411541587,0.4492771558793704,0.001,8.0,support_gated_trackable_movies,False,5,False,True,0.1,9.1966917756456,top 10.0% first-passage finite-aperture cue gate
2025-11-17,SBA_noNAI,100XIAV012,0.24307237491265724,19,33,12.379648035610156,warning,moderate_exact_frame_continuity;elevated_exact_step_median,320.0,3.369386751113431,269,49.0,0.8387698760434816,0.0106851444113456,0.4086016151659105,0.001,8.0,support_gated_trackable_movies,False,5,False,True,0.1,9.1966917756456,top 10.0% first-passage finite-aperture cue gate
2025-11-17,SBA_noNAI,100XIAV024,0.11456529327263293,29,78,20.019764642523842,pass,,175.0,4.713682329721368,105,45.0,0.8695672806474208,0.0066330591668877,0.3733149658419789,0.001,8.0,support_gated_trackable_movies,False,5,False,True,0.1,9.1966917756456,top 10.0% first-passage finite-aperture cue gate
2025-11-17,SBA_noNAI,100XIAV025,0.06537730551446883,16,73,19.66836607778129,pass,,48.0,10.752323989261525,35,55.0,0.9303180065073082,0.0097465886939571,0.5279332259036562,0.001,8.0,support_gated_trackable_movies,False,5,False,True,0.1,9.1966917756456,top 10.0% first-passage finite-aperture cue gate
2025-11-17,SBA_noNAI,100XIAV026,0.19325539096270425,196,689,21.68509629438175,warning,elevated_exact_step_median,297.0,3.5410763035272597,334,51.5,0.8509764744282782,0.0108514190317195,0.4399340219614133,0.001,8.0,support_gated_trackable_movies,False,5,False,True,0.1,9.1966917756456,top 10.0% first-passage finite-aperture cue gate
2025-11-17,SBA_noNAI,100XIAV027,0.20687262845802254,26,93,21.096552662656954,pass,,114.0,5.405883927026243,73,52.0,0.8993606168724617,0.0032082130253448,0.3999357891247263,0.001,8.0,support_gated_trackable_movies,False,5,False,True,0.1,9.1966917756456,top 10.0% first-passage finite-aperture cue gate
2025-11-17,SBA_noNAI,100XIAV028,-0.04330481694848463,19,125,19.00397887936129,warning,elevated_exact_step_median,21.0,18.254694531611054,26,133.5,0.9658901800411296,0.0054411193159735,0.5169500352189189,0.001,8.0,support_gated_trackable_movies,False,5,False,True,0.1,9.1966917756456,top 10.0% first-passage finite-aperture cue gate
2025-11-17,SBA_noNAI,100XIAV029,0.14453241230948632,18,88,12.223285769796231,pass,,52.5,9.665656460806176,46,58.0,0.9755149571441828,0.0121608980355472,0.5492619217632472,0.001,8.0,support_gated_trackable_movies,False,5,False,True,0.1,9.1966917756456,top 10.0% first-passage finite-aperture cue gate
2025-11-17,SBA_noNAI,100XIAV030,0.018854334115256326,24,75,14.313354224063186,pass,,60.0,5.788375064472769,90,54.0,0.8761132125044212,0.0046459468119192,0.3037530077631998,0.001,8.0,support_gated_trackable_movies,False,5,False,True,0.1,9.1966917756456,top 10.0% first-passage finite-aperture cue gate
2025-11-24,SBA_NAI,100XIAV030,0.31185679809114814,95,173,12.617485439427067,pass,,1062.5,7.90840377480523,1463,47.0,0.926064303826064,0.0046897593892891,0.2358975690810286,0.001,8.0,support_gated_trackable_movies,False,5,False,True,0.1,9.1966917756456,top 10.0% first-passage finite-aperture cue gate
2025-11-24,SBA_NAI,100XIAV031,0.03635708721953259,39,72,11.935067837292435,pass,,634.5,9.78913296843156,967,56.0,0.9312032611291148,0.0030806370252936,0.1744645390490312,0.001,8.0,support_gated_trackable_movies,False,5,False,True,0.1,9.1966917756456,top 10.0% first-passage finite-aperture cue gate
2025-11-24,SBA_NAI,100XIAV032,0.09442235385069839,35,60,10.90780653745415,pass,,754.5,7.819452149023367,958,73.0,0.9176122589504608,0.0032464549324676,0.169838024883911,0.001,8.0,support_gated_trackable_movies,False,5,False,True,0.1,9.1966917756456,top 10.0% first-passage finite-aperture cue gate
2025-11-24,SBA_NAI,100XIAV033,0.3390210369709518,23,40,12.18413587107659,pass,,706.0,8.766372178657436,840,53.5,0.9396860270914662,0.0029030018722258,0.1692078794558225,0.001,8.0,support_gated_trackable_movies,False,5,False,True,0.1,9.1966917756456,top 10.0% first-passage finite-aperture cue gate
2025-11-24,SBA_NAI,100XIAV034,0.23469589387304687,27,65,10.839544866762594,pass,,674.0,9.12991814357466,1032,81.0,0.9227457569773624,0.0021296593734756,0.164372591725841,0.001,8.0,support_gated_trackable_movies,False,5,False,True,0.1,9.1966917756456,top 10.0% first-passage finite-aperture cue gate
2025-11-24,SBA_NAI,100XIAV035,0.2649552357263275,45,82,10.697658619315144,warning,high_detector_candidate_density,1699.5,7.183822252488781,1985,102.0,0.929346366337313,0.0019089465963817,0.165228715571183,0.001,8.0,support_gated_trackable_movies,False,5,False,True,0.1,9.1966917756456,top 10.0% first-passage finite-aperture cue gate
2025-11-24,SBA_noNAI,100XIAV039,0.20023632711708983,27,59,11.576082685098747,pass,,1059.0,6.758501876153534,1241,69.0,0.920517590145658,0.00144875545008,0.1588986487216532,0.001,8.0,support_gated_trackable_movies,False,5,False,True,0.1,9.1966917756456,top 10.0% first-passage finite-aperture cue gate
2025-11-24,SBA_noNAI,100XIAV040,0.3799901810639864,26,38,11.413841249980502,warning,high_detector_candidate_density,2115.0,6.303302227319648,2011,47.0,0.9503745933734646,0.0018987183651035,0.1730831376303997,0.001,8.0,support_gated_trackable_movies,False,5,False,True,0.1,9.1966917756456,top 10.0% first-passage finite-aperture cue gate
2025-11-24,SBA_noNAI,100XIAV041,0.112708465604765,30,42,10.850206006629595,warning,high_detector_candidate_density,2375.0,6.174522945301463,2394,63.0,0.9434880408712571,0.0011153047287304,0.1528222185273346,0.001,8.0,support_gated_trackable_movies,False,5,False,True,0.1,9.1966917756456,top 10.0% first-passage finite-aperture cue gate
2025-11-24,SBA_noNAI,100XIAV042,0.3821918187967426,50,90,12.005927083502707,warning,elevated_exact_step_median,1252.0,5.275375958695587,1250,69.0,0.9084240905716302,0.0065527831637346,0.3936416824790495,0.001,8.0,support_gated_trackable_movies,False,5,False,True,0.1,9.1966917756456,top 10.0% first-passage finite-aperture cue gate
2025-11-24,SBA_noNAI,100XIAV043,0.22169179104892006,103,255,12.79751206255526,warning,elevated_exact_step_median,1088.5,3.613890664409086,809,60.0,0.904768787960058,0.0115323698277568,0.5331007100759129,0.001,8.0,support_gated_trackable_movies,False,5,False,True,0.1,9.1966917756456,top 10.0% first-passage finite-aperture cue gate
2025-11-24,SBA_noNAI,100XIAV044,0.555618072616391,23,49,12.849761712454383,warning,elevated_exact_step_median,626.5,4.181842547576938,413,44.0,0.916381659534539,0.0073007641921397,0.4006075168965191,0.001,8.0,support_gated_trackable_movies,False,5,False,True,0.1,9.1966917756456,top 10.0% first-passage finite-aperture cue gate
2025-12-03,SBA_NAI,100XIAV060,0.18492491601389846,321,940,13.894477556607917,warning,elevated_exact_step_median,787.0,3.590257903330978,572,39.0,0.8505087937739749,0.0143667753229506,0.539439747964003,0.002,8.0,support_gated_trackable_movies,False,5,False,True,0.1,9.1966917756456,top 10.0% first-passage finite-aperture cue gate
2025-12-03,SBA_NAI,100XIAV061,0.09877642438494111,54,149,14.349752098769073,pass,,226.0,5.6819821509518915,190,46.0,0.8812819031871916,0.0036518563603164,0.2768002169429022,0.002,8.0,support_gated_trackable_movies,False,5,False,True,0.1,9.1966917756456,top 10.0% first-passage finite-aperture cue gate
2025-12-03,SBA_NAI,100XIAV062,0.38558118701537913,9,12,10.421677869685615,pass,,79.0,7.961923296854432,64,64.0,0.9302648978895824,0.0030248033877797,0.258587240375669,0.002,8.0,support_gated_trackable_movies,False,5,False,True,0.1,9.1966917756456,top 10.0% first-passage finite-aperture cue gate
2025-12-03,SBA_NAI,100XIAV063,0.18116387164096184,27,59,14.03439525155979,warning,elevated_exact_step_median;low_detection_survival,393.0,3.493983536568331,135,50.0,0.8712379205095412,0.0097017606899029,0.3415793192700886,0.002,8.0,support_gated_trackable_movies,False,5,False,True,0.1,9.1966917756456,top 10.0% first-passage finite-aperture cue gate
2025-12-03,SBA_NAI,100XIAV064,0.03988252130751063,6,9,10.203369600972927,pass,,87.0,8.084953479694875,64,67.5,0.9206191965383902,0.0027347310847766,0.23174987102491,0.002,8.0,support_gated_trackable_movies,False,5,False,True,0.1,9.1966917756456,top 10.0% first-passage finite-aperture cue gate
2025-12-03,SBA_noNAI,100XIAV070,0.19434205253757184,84,161,11.839547178613667,pass,,725.5,2.999074839612127,476,46.0,0.9053348221569396,0.0091051646517274,0.3924813705873961,0.005,8.0,support_gated_trackable_movies,False,5,False,True,0.1,9.1966917756456,top 10.0% first-passage finite-aperture cue gate
2025-12-03,SBA_noNAI,100XIAV071,0.15121723274401294,93,184,11.84295304268716,pass,,592.0,2.831418255203822,483,42.0,0.8777216526572611,0.0089763431350873,0.4155715278697701,0.005,8.0,support_gated_trackable_movies,False,5,False,True,0.1,9.1966917756456,top 10.0% first-passage finite-aperture cue gate
2025-12-03,SBA_noNAI,100XIAV072,-0.02431649864302803,91,152,10.919892414757722,pass,,1011.0,4.569945132921325,852,39.0,0.932607870785339,0.0056397363593123,0.2809216962111148,0.001,8.0,support_gated_trackable_movies,False,5,False,True,0.1,9.1966917756456,top 10.0% first-passage finite-aperture cue gate
2025-12-03,SBA_noNAI,100XIAV073,0.13129246551695495,35,57,13.197337749197136,pass,,379.0,3.302194157662543,270,37.0,0.9177240020832652,0.0047465158553827,0.2505551767024346,0.005,8.0,support_gated_trackable_movies,False,5,False,True,0.1,9.1966917756456,top 10.0% first-passage finite-aperture cue gate
