condition,plot_condition,log10_d_eff_um2_s,mean_density,sd_density,n_biological_replicates,min_n_tracks,mean_n_tracks
noSBA_NAI,+ NAI,-5.0,0.027875424055796256,0.016203361427135247,3,81,202.0
noSBA_NAI,+ NAI,-4.990888382687927,0.029131628539882524,0.016682508872790085,3,81,202.0
noSBA_NAI,+ NAI,-4.981776765375854,0.03043041090842159,0.017166940483213437,3,81,202.0
noSBA_NAI,+ NAI,-4.972665148063781,0.03177244217626452,0.017656233886616683,3,81,202.0
noSBA_NAI,+ NAI,-4.9635535307517085,0.033158363272259926,0.018149932980027858,3,81,202.0
noSBA_NAI,+ NAI,-4.954441913439635,0.03458878316522099,0.018647546979985215,3,81,202.0
noSBA_NAI,+ NAI,-4.945330296127563,0.0360642770703049,0.019148549552188206,3,81,202.0
noSBA_NAI,+ NAI,-4.936218678815489,0.03758538474657179,0.019652378031558383,3,81,202.0
noSBA_NAI,+ NAI,-4.927107061503417,0.039152608896033024,0.020158432744550817,3,81,202.0
noSBA_NAI,+ NAI,-4.917995444191344,0.040766413673958474,0.020666076445919442,3,81,202.0
noSBA_NAI,+ NAI,-4.908883826879271,0.04242722331955453,0.021174633882452255,3,81,202.0
noSBA_NAI,+ NAI,-4.899772209567198,0.04413542091538619,0.021683391496458156,3,81,202.0
noSBA_NAI,+ NAI,-4.890660592255125,0.04589134728307007,0.022191597281997287,3,81,202.0
noSBA_NAI,+ NAI,-4.881548974943052,0.04769530002185196,0.02269846080699191,3,81,202.0
noSBA_NAI,+ NAI,-4.87243735763098,0.049547532695668785,0.023203153414429835,3,81,202.0
noSBA_NAI,+ NAI,-4.863325740318906,0.05144825417323411,0.023704808615877412,3,81,202.0
noSBA_NAI,+ NAI,-4.854214123006834,0.05339762812453996,0.024202522690437035,3,81,202.0
noSBA_NAI,+ NAI,-4.8451025056947605,0.0553957726759901,0.02469535550212528,3,81,202.0
noSBA_NAI,+ NAI,-4.835990888382688,0.057442760225139174,0.025182331548398895,3,81,202.0
noSBA_NAI,+ NAI,-4.826879271070615,0.05953861741475988,0.02566244125222805,3,81,202.0
noSBA_NAI,+ NAI,-4.817767653758542,0.061683325264665724,0.02613464250969334,3,81,202.0
noSBA_NAI,+ NAI,-4.808656036446469,0.06387681945843415,0.026597862504593544,3,81,202.0
noSBA_NAI,+ NAI,-4.7995444191343966,0.0661189907808697,0.0270509998009794,3,81,202.0
noSBA_NAI,+ NAI,-4.790432801822323,0.06840968570077904,0.027492926723893817,3,81,202.0
noSBA_NAI,+ NAI,-4.781321184510251,0.07074870709236346,0.027922492037918224,3,81,202.0
noSBA_NAI,+ NAI,-4.7722095671981775,0.07313581508732454,0.028338523932402916,3,81,202.0
noSBA_NAI,+ NAI,-4.763097949886105,0.07557072804859179,0.02873983332152431,3,81,202.0
noSBA_NAI,+ NAI,-4.753986332574032,0.07805312365548035,0.029125217466586414,3,81,202.0
noSBA_NAI,+ NAI,-4.744874715261959,0.08058264008901977,0.029493463927287532,3,81,202.0
noSBA_NAI,+ NAI,-4.735763097949886,0.0831588773052384,0.02984335484805647,3,81,202.0
noSBA_NAI,+ NAI,-4.7266514806378135,0.08578139838328525,0.030173671585036425,3,81,202.0
noSBA_NAI,+ NAI,-4.71753986332574,0.08844973093449604,0.0304831996789313,3,81,202.0
noSBA_NAI,+ NAI,-4.708428246013668,0.09116336855780018,0.030770734178750057,3,81,202.0
noSBA_NAI,+ NAI,-4.699316628701594,0.09392177232630694,0.03103508532157257,3,81,202.0
noSBA_NAI,+ NAI,-4.690205011389522,0.09672437228942171,0.03127508457384048,3,81,202.0
noSBA_NAI,+ NAI,-4.681093394077449,0.09957056897452339,0.03148959104046985,3,81,202.0
noSBA_NAI,+ NAI,-4.671981776765376,0.1024597348719944,0.03167749824931574,3,81,202.0
noSBA_NAI,+ NAI,-4.662870159453303,0.10539121588733326,0.03183774132031909,3,81,202.0
noSBA_NAI,+ NAI,-4.65375854214123,0.10836433274410846,0.03196930453111577,3,81,202.0
noSBA_NAI,+ NAI,-4.644646924829157,0.1113783823217173,0.03207122929409894,3,81,202.0
noSBA_NAI,+ NAI,-4.635535307517085,0.11443263891222355,0.032142622564032074,3,81,202.0
noSBA_NAI,+ NAI,-4.626423690205011,0.11752635538103322,0.032182665700427805,3,81,202.0
noSBA_NAI,+ NAI,-4.617312072892939,0.12065876421676151,0.032190623815205446,3,81,202.0
noSBA_NAI,+ NAI,-4.6082004555808656,0.12382907845640978,0.03216585564375909,3,81,202.0
noSBA_NAI,+ NAI,-4.599088838268793,0.12703649247285317,0.03210782398666686,3,81,202.0
noSBA_NAI,+ NAI,-4.58997722095672,0.13028018261268245,0.03201610678001484,3,81,202.0
noSBA_NAI,+ NAI,-4.580865603644647,0.13355930767360427,0.03189040886482107,3,81,202.0
noSBA_NAI,+ NAI,-4.571753986332574,0.13687300921192144,0.03173057454042112,3,81,202.0
noSBA_NAI,+ NAI,-4.562642369020502,0.1402204116720345,0.03153660100291504,3,81,202.0
noSBA_NAI,+ NAI,-4.553530751708428,0.1436006223314857,0.031308652787758955,3,81,202.0
noSBA_NAI,+ NAI,-4.544419134396355,0.14701273105672963,0.03104707735494775,3,81,202.0
noSBA_NAI,+ NAI,-4.5353075170842825,0.15045580986662485,0.030752421975245976,3,81,202.0
noSBA_NAI,+ NAI,-4.52619589977221,0.15392891230253236,0.030425452095362373,3,81,202.0
noSBA_NAI,+ NAI,-4.517084282460137,0.157431072605901,0.030067171376728253,3,81,202.0
noSBA_NAI,+ NAI,-4.507972665148063,0.16096130470630843,0.029678843613372904,3,81,202.0
noSBA_NAI,+ NAI,-4.498861047835991,0.16451860102507837,0.02926201673432991,3,81,202.0
noSBA_NAI,+ NAI,-4.4897494305239185,0.16810193110181515,0.028818549077622994,3,81,202.0
noSBA_NAI,+ NAI,-4.480637813211845,0.1717102400534515,0.028350638075430118,3,81,202.0
noSBA_NAI,+ NAI,-4.471526195899772,0.1753424468777114,0.02786085139824764,3,81,202.0
noSBA_NAI,+ NAI,-4.462414578587699,0.17899744261519612,0.02735216044879081,3,81,202.0
noSBA_NAI,+ NAI,-4.453302961275626,0.18267408838660168,0.026827975845895198,3,81,202.0
noSBA_NAI,+ NAI,-4.444191343963554,0.18637121332385478,0.02629218415907966,3,81,202.0
noSBA_NAI,+ NAI,-4.43507972665148,0.19008761241619587,0.02574918460273776,3,81,202.0
noSBA_NAI,+ NAI,-4.425968109339408,0.19382204429438735,0.025203923628691564,3,81,202.0
noSBA_NAI,+ NAI,-4.4168564920273345,0.19757322897831664,0.02466192432574589,3,81,202.0
noSBA_NAI,+ NAI,-4.407744874715262,0.20133984561519144,0.02412930622645167,3,81,202.0
noSBA_NAI,+ NAI,-4.398633257403189,0.2051205302373674,0.02361278956839275,3,81,202.0
noSBA_NAI,+ NAI,-4.389521640091116,0.20891387357045954,0.02311967639076149,3,81,202.0
noSBA_NAI,+ NAI,-4.380410022779043,0.21271841892386786,0.022657799350345446,3,81,202.0
noSBA_NAI,+ NAI,-4.371298405466971,0.21653266019704862,0.022235428303253823,3,81,202.0
noSBA_NAI,+ NAI,-4.362186788154897,0.22035504003586484,0.02186112522885515,3,81,202.0
noSBA_NAI,+ NAI,-4.353075170842825,0.22418394817404128,0.02154354081944334,3,81,202.0
noSBA_NAI,+ NAI,-4.3439635535307515,0.22801771999517953,0.02129115177194706,3,81,202.0
noSBA_NAI,+ NAI,-4.334851936218679,0.23185463535086503,0.021111946718778123,3,81,202.0
noSBA_NAI,+ NAI,-4.325740318906606,0.2356929176701744,0.021013079995714886,3,81,202.0
noSBA_NAI,+ NAI,-4.316628701594533,0.23953073339526335,0.021000523833516704,3,81,202.0
noSBA_NAI,+ NAI,-4.30751708428246,0.2433661917767718,0.021078757648888512,3,81,202.0
noSBA_NAI,+ NAI,-4.2984054669703875,0.2471973450613859,0.021250534314679263,3,81,202.0
noSBA_NAI,+ NAI,-4.289293849658314,0.25102218910217133,0.02151675552245041,3,81,202.0
noSBA_NAI,+ NAI,-4.280182232346242,0.2548386644201103,0.02187647246427705,3,81,202.0
noSBA_NAI,+ NAI,-4.271070615034168,0.25864465774272966,0.02232700803475973,3,81,202.0
noSBA_NAI,+ NAI,-4.261958997722096,0.2624380040427381,0.022864178231841014,3,81,202.0
noSBA_NAI,+ NAI,-4.252847380410023,0.26621648909625234,0.02348257831954311,3,81,202.0
noSBA_NAI,+ NAI,-4.24373576309795,0.2699778525764501,0.024175895838750044,3,81,202.0
noSBA_NAI,+ NAI,-4.234624145785877,0.2737197916944181,0.024937216844069535,3,81,202.0
noSBA_NAI,+ NAI,-4.225512528473804,0.27743996539452126,0.025759300863727214,3,81,202.0
noSBA_NAI,+ NAI,-4.216400911161731,0.28113599910690695,0.02663481061670367,3,81,202.0
noSBA_NAI,+ NAI,-4.207289293849659,0.2848054900547335,0.027556491854299193,3,81,202.0
noSBA_NAI,+ NAI,-4.198177676537585,0.28844601310848755,0.028517305474354257,3,81,202.0
noSBA_NAI,+ NAI,-4.189066059225513,0.2920551271743073,0.02951051806153285,3,81,202.0
noSBA_NAI,+ NAI,-4.17995444191344,0.2956303820976598,0.03052975869646024,3,81,202.0
noSBA_NAI,+ NAI,-4.170842824601367,0.2991693260580397,0.03156904996316128,3,81,202.0
noSBA_NAI,+ NAI,-4.161731207289294,0.30266951342466264,0.03262282024896203,3,81,202.0
noSBA_NAI,+ NAI,-4.152619589977221,0.30612851303742034,0.03368590319347875,3,81,202.0
noSBA_NAI,+ NAI,-4.143507972665148,0.309543916871785,0.03475352883987835,3,81,202.0
noSBA_NAI,+ NAI,-4.134396355353076,0.3129133490408738,0.03582130985659109,3,81,202.0
noSBA_NAI,+ NAI,-4.125284738041002,0.31623447508265823,0.03688522520963989,3,81,202.0
noSBA_NAI,+ NAI,-4.116173120728929,0.3195050114753168,0.03794160288931101,3,81,202.0
noSBA_NAI,+ NAI,-4.1070615034168565,0.32272273531912365,0.03898710271155266,3,81,202.0
noSBA_NAI,+ NAI,-4.097949886104784,0.32588549411902973,0.04001869979222334,3,81,202.0
noSBA_NAI,+ NAI,-4.088838268792711,0.32899121559834243,0.04103366899696659,3,81,202.0
noSBA_NAI,+ NAI,-4.079726651480637,0.3320379174706818,0.04202957047005941,3,81,202.0
noSBA_NAI,+ NAI,-4.070615034168565,0.33502371709474804,0.043004236216334,3,81,202.0
noSBA_NAI,+ NAI,-4.0615034168564925,0.3379468409344046,0.04395575763112244,3,81,202.0
noSBA_NAI,+ NAI,-4.052391799544419,0.34080563374525347,0.04488247382885552,3,81,202.0
noSBA_NAI,+ NAI,-4.043280182232346,0.3435985674082444,0.045782960600397514,3,81,202.0
noSBA_NAI,+ NAI,-4.034168564920273,0.346324249330992,0.04665601982442493,3,81,202.0
noSBA_NAI,+ NAI,-4.025056947608201,0.34898143033836,0.047500669163611946,3,81,202.0
noSBA_NAI,+ NAI,-4.015945330296128,0.3515690119755647,0.04831613188826728,3,81,202.0
noSBA_NAI,+ NAI,-4.006833712984054,0.35408605314953645,0.04910182668578934,3,81,202.0
noSBA_NAI,+ NAI,-3.997722095671982,0.3565317760375534,0.049857357332202014,3,81,202.0
noSBA_NAI,+ NAI,-3.988610478359909,0.35890557119624816,0.0505825021210361,3,81,202.0
noSBA_NAI,+ NAI,-3.979498861047836,0.36120700180891624,0.05127720296425434,3,81,202.0
noSBA_NAI,+ NAI,-3.9703872437357632,0.3634358070146592,0.051941554099380394,3,81,202.0
noSBA_NAI,+ NAI,-3.9612756264236904,0.3655919042691827,0.05257579035629037,3,81,202.0
noSBA_NAI,+ NAI,-3.9521640091116175,0.3676753906940186,0.0531802749560867,3,81,202.0
noSBA_NAI,+ NAI,-3.9430523917995446,0.3696865433785172,0.05375548683305942,3,81,202.0
noSBA_NAI,+ NAI,-3.9339407744874713,0.37162581860704386,0.0543020074888638,3,81,202.0
noSBA_NAI,+ NAI,-3.924829157175399,0.373493849992399,0.054820507405631616,3,81,202.0
noSBA_NAI,+ NAI,-3.9157175398633255,0.37529144550545607,0.05531173206171832,3,81,202.0
noSBA_NAI,+ NAI,-3.906605922551253,0.37701958340027714,0.05577648761000102,3,81,202.0
noSBA_NAI,+ NAI,-3.8974943052391797,0.37867940704349573,0.0562156262939506,3,81,202.0
noSBA_NAI,+ NAI,-3.8883826879271073,0.38027221866636074,0.056630031690891244,3,81,202.0
noSBA_NAI,+ NAI,-3.879271070615034,0.3817994720675188,0.0570206038846964,3,81,202.0
noSBA_NAI,+ NAI,-3.8701594533029615,0.3832627643041893,0.05738824468139736,3,81,202.0
noSBA_NAI,+ NAI,-3.861047835990888,0.384663826418824,0.057733842990524885,3,81,202.0
noSBA_NAI,+ NAI,-3.8519362186788157,0.3860045132574775,0.05805826050220026,3,81,202.0
noSBA_NAI,+ NAI,-3.8428246013667424,0.3872867924449135,0.05836231779477339,3,81,202.0
noSBA_NAI,+ NAI,-3.83371298405467,0.38851273258977154,0.05864678100996281,3,81,202.0
noSBA_NAI,+ NAI,-3.8246013667425967,0.3896844908008819,0.05891234923180222,3,81,202.0
noSBA_NAI,+ NAI,-3.815489749430524,0.3908042996029029,0.05915964270214034,3,81,202.0
noSBA_NAI,+ NAI,-3.806378132118451,0.39187445334584026,0.05938919199897141,3,81,202.0
noSBA_NAI,+ NAI,-3.7972665148063784,0.39289729420854275,0.05960142829451044,3,81,202.0
noSBA_NAI,+ NAI,-3.788154897494305,0.393875197900969,0.05979667479790919,3,81,202.0
noSBA_NAI,+ NAI,-3.7790432801822327,0.394810559173735,0.05997513947303177,3,81,202.0
noSBA_NAI,+ NAI,-3.7699316628701594,0.3957057772462244,0.060136909105176335,3,81,202.0
noSBA_NAI,+ NAI,-3.760820045558087,0.39656324126624315,0.060281944772463916,3,81,202.0
noSBA_NAI,+ NAI,-3.7517084282460136,0.3973853159148839,0.060410078758313605,3,81,202.0
noSBA_NAI,+ NAI,-3.742596810933941,0.3981743272698379,0.06052101292155114,3,81,202.0
noSBA_NAI,+ NAI,-3.733485193621868,0.39893254903890824,0.060614318520774674,3,81,202.0
noSBA_NAI,+ NAI,-3.7243735763097954,0.3996621892729037,0.06068943747025808,3,81,202.0
noSBA_NAI,+ NAI,-3.715261958997722,0.4003653776634728,0.060745684986322976,3,81,202.0
noSBA_NAI,+ NAI,-3.706150341685649,0.4010441535267754,0.06078225356631952,3,81,202.0
noSBA_NAI,+ NAI,-3.6970387243735763,0.4017004545682485,0.06079821822742368,3,81,202.0
noSBA_NAI,+ NAI,-3.6879271070615034,0.40233610651714585,0.06079254291974415,3,81,202.0
noSBA_NAI,+ NAI,-3.6788154897494305,0.402952813712072,0.060764088017861005,3,81,202.0
noSBA_NAI,+ NAI,-3.6697038724373576,0.4035521507104814,0.060711618787032455,3,81,202.0
noSBA_NAI,+ NAI,-3.6605922551252847,0.4041355549861357,0.060633814714874334,3,81,202.0
noSBA_NAI,+ NAI,-3.651480637813212,0.40470432076890184,0.060529279596211044,3,81,202.0
noSBA_NAI,+ NAI,-3.642369020501139,0.4052595940711368,0.06039655225789013,3,81,202.0
noSBA_NAI,+ NAI,-3.633257403189066,0.4058023689343286,0.0602341178113748,3,81,202.0
noSBA_NAI,+ NAI,-3.624145785876993,0.4063334849187597,0.06004041932357766,3,81,202.0
noSBA_NAI,+ NAI,-3.6150341685649203,0.4068536258478523,0.059813869800431886,3,81,202.0
noSBA_NAI,+ NAI,-3.6059225512528474,0.40736331980764,0.059552864382737984,3,81,202.0
noSBA_NAI,+ NAI,-3.5968109339407746,0.4078629403906044,0.05925579265958748,3,81,202.0
noSBA_NAI,+ NAI,-3.5876993166287017,0.40835270916205424,0.058921051010903835,3,81,202.0
noSBA_NAI,+ NAI,-3.578587699316629,0.4088326993163891,0.058547054897037154,3,81,202.0
noSBA_NAI,+ NAI,-3.569476082004556,0.4093028404801084,0.05813225101974957,3,81,202.0
noSBA_NAI,+ NAI,-3.560364464692483,0.40976292460841424,0.057675129285127455,3,81,202.0
noSBA_NAI,+ NAI,-3.55125284738041,0.4102126129127844,0.057174234504842485,3,81,202.0
noSBA_NAI,+ NAI,-3.5421412300683373,0.41065144374808565,0.056628177777663456,3,81,202.0
noSBA_NAI,+ NAI,-3.5330296127562644,0.4110788413797217,0.05603564749816086,3,81,202.0
noSBA_NAI,+ NAI,-3.5239179954441915,0.41149412554406073,0.055395419944135924,3,81,202.0
noSBA_NAI,+ NAI,-3.5148063781321186,0.411896521709014,0.05470636939846,3,81,202.0
noSBA_NAI,+ NAI,-3.5056947608200457,0.4122851719362161,0.053967477764797316,3,81,202.0
noSBA_NAI,+ NAI,-3.496583143507973,0.41265914624183836,0.05317784364016034,3,81,202.0
noSBA_NAI,+ NAI,-3.4874715261959,0.41301745434966136,0.052336690810491214,3,81,202.0
noSBA_NAI,+ NAI,-3.478359908883827,0.4133590577277044,0.05144337613862171,3,81,202.0
noSBA_NAI,+ NAI,-3.4692482915717537,0.41368288179845053,0.05049739681707729,3,81,202.0
noSBA_NAI,+ NAI,-3.4601366742596813,0.41398782821251207,0.04949839696143858,3,81,202.0
noSBA_NAI,+ NAI,-3.451025056947608,0.4142727870764742,0.048446173523475286,3,81,202.0
noSBA_NAI,+ NAI,-3.4419134396355355,0.4145366490275784,0.04734068150714714,3,81,202.0
noSBA_NAI,+ NAI,-3.432801822323462,0.4147783170508614,0.04618203847505364,3,81,202.0
noSBA_NAI,+ NAI,-3.4236902050113898,0.41499671793828224,0.044970528338182894,3,81,202.0
noSBA_NAI,+ NAI,-3.4145785876993164,0.4151908132942224,0.043706604428187024,3,81,202.0
noSBA_NAI,+ NAI,-3.405466970387244,0.41535960999744576,0.04239089185929499,3,81,202.0
noSBA_NAI,+ NAI,-3.3963553530751707,0.4155021700361121,0.04102418919693975,3,81,202.0
noSBA_NAI,+ NAI,-3.3872437357630982,0.41561761963965277,0.03960746946309357,3,81,202.0
noSBA_NAI,+ NAI,-3.378132118451025,0.4157051576391558,0.038141880525477276,3,81,202.0
noSBA_NAI,+ NAI,-3.3690205011389525,0.41576406299630647,0.03662874494129921,3,81,202.0
noSBA_NAI,+ NAI,-3.359908883826879,0.41579370144975475,0.03506955935916226,3,81,202.0
noSBA_NAI,+ NAI,-3.3507972665148067,0.41579353123696405,0.03346599363055674,3,81,202.0
noSBA_NAI,+ NAI,-3.3416856492027334,0.4157631078590333,0.0318198898534993,3,81,202.0
noSBA_NAI,+ NAI,-3.332574031890661,0.41570208786554624,0.030133261680105182,3,81,202.0
noSBA_NAI,+ NAI,-3.3234624145785876,0.4156102316461417,0.028408294392591196,3,81,202.0
noSBA_NAI,+ NAI,-3.314350797266515,0.4154874052250486,0.026647346534071015,3,81,202.0
noSBA_NAI,+ NAI,-3.305239179954442,0.4153335810642537,0.024852954355829498,3,81,202.0
noSBA_NAI,+ NAI,-3.2961275626423694,0.4151488378901305,0.02302784117357959,3,81,202.0
noSBA_NAI,+ NAI,-3.287015945330296,0.4149333595671772,0.021174935235793592,3,81,202.0
noSBA_NAI,+ NAI,-3.2779043280182236,0.4146874330509267,0.019297402578856607,3,81,202.0
noSBA_NAI,+ NAI,-3.2687927107061503,0.41441144545997305,0.017398707088771462,3,81,202.0
noSBA_NAI,+ NAI,-3.259681093394078,0.4141058803143926,0.01548272218868838,3,81,202.0
noSBA_NAI,+ NAI,-3.2505694760820045,0.41377131299451336,0.0135539463767639,3,81,202.0
noSBA_NAI,+ NAI,-3.2414578587699316,0.41340840547997254,0.011617943875157253,3,81,202.0
noSBA_NAI,+ NAI,-3.2323462414578588,0.41301790043424497,0.009682322155981407,3,81,202.0
noSBA_NAI,+ NAI,-3.223234624145786,0.41260061470428305,0.007759158835105137,3,81,202.0
noSBA_NAI,+ NAI,-3.214123006833713,0.41215743230854957,0.005872040024863514,3,81,202.0
noSBA_NAI,+ NAI,-3.20501138952164,0.4116892969895531,0.004081352504554996,3,81,202.0
noSBA_NAI,+ NAI,-3.1958997722095672,0.411197204408958,0.0026005844949559165,3,81,202.0
noSBA_NAI,+ NAI,-3.1867881548974943,0.41068219406448453,0.0021848583443831978,3,81,202.0
noSBA_NAI,+ NAI,-3.1776765375854215,0.4101453410081082,0.0032576689326625067,3,81,202.0
noSBA_NAI,+ NAI,-3.1685649202733486,0.40958774744456417,0.004914331022597463,3,81,202.0
noSBA_NAI,+ NAI,-3.1594533029612757,0.40901053428785517,0.006723733003593697,3,81,202.0
noSBA_NAI,+ NAI,-3.150341685649203,0.40841483275141527,0.008576543603336595,3,81,202.0
noSBA_NAI,+ NAI,-3.14123006833713,0.4078017760448187,0.010436463096479782,3,81,202.0
noSBA_NAI,+ NAI,-3.132118451025057,0.40717249124650207,0.012287201157930675,3,81,202.0
noSBA_NAI,+ NAI,-3.123006833712984,0.4065280914179435,0.014119510086818457,3,81,202.0
noSBA_NAI,+ NAI,-3.1138952164009113,0.40586966802017743,0.01592713668953563,3,81,202.0
noSBA_NAI,+ NAI,-3.1047835990888384,0.40519828368846983,0.01770530410609291,3,81,202.0
noSBA_NAI,+ NAI,-3.0956719817767655,0.4045149654155422,0.01945006171173984,3,81,202.0
noSBA_NAI,+ NAI,-3.0865603644646926,0.40382069818792493,0.02115797844665565,3,81,202.0
noSBA_NAI,+ NAI,-3.0774487471526197,0.40311641911399604,0.022825987586189856,3,81,202.0
noSBA_NAI,+ NAI,-3.068337129840547,0.4024030120760072,0.02445130416605275,3,81,202.0
noSBA_NAI,+ NAI,-3.059225512528474,0.4016813029320709,0.026031379642007642,3,81,202.0
noSBA_NAI,+ NAI,-3.050113895216401,0.4009520552876961,0.027563876628523117,3,81,202.0
noSBA_NAI,+ NAI,-3.041002277904328,0.4002159668501227,0.029046654874612297,3,81,202.0
noSBA_NAI,+ NAI,-3.0318906605922553,0.3994736663724685,0.030477763672345212,3,81,202.0
noSBA_NAI,+ NAI,-3.0227790432801824,0.39872571118864214,0.0318554379647108,3,81,202.0
noSBA_NAI,+ NAI,-3.0136674259681095,0.3979725853341567,0.03317809653344653,3,81,202.0
noSBA_NAI,+ NAI,-3.004555808656036,0.39721469824244515,0.03444434127190532,3,81,202.0
noSBA_NAI,+ NAI,-2.995444191343964,0.39645238400109895,0.03565295691122039,3,81,202.0
noSBA_NAI,+ NAI,-2.986332574031891,0.3956859011476667,0.03680291078648907,3,81,202.0
noSBA_NAI,+ NAI,-2.977220956719818,0.39491543298029513,0.037893352365340485,3,81,202.0
noSBA_NAI,+ NAI,-2.968109339407745,0.3941410883546101,0.03892361234816108,3,81,202.0
noSBA_NAI,+ NAI,-2.9589977220956722,0.393362902934848,0.03989320120674256,3,81,202.0
noSBA_NAI,+ NAI,-2.9498861047835994,0.39258084086437717,0.040801807067544174,3,81,202.0
noSBA_NAI,+ NAI,-2.9407744874715265,0.3917947968184005,0.041649292873893226,3,81,202.0
noSBA_NAI,+ NAI,-2.9316628701594536,0.39100459839982715,0.04243569278246243,3,81,202.0
noSBA_NAI,+ NAI,-2.9225512528473807,0.39021000883802537,0.04316120776589404,3,81,202.0
noSBA_NAI,+ NAI,-2.913439635535308,0.38941072994942144,0.043826200407171396,3,81,202.0
noSBA_NAI,+ NAI,-2.904328018223235,0.38860640531867663,0.04443118888334381,3,81,202.0
noSBA_NAI,+ NAI,-2.8952164009111616,0.38779662365944256,0.044976840147240536,3,81,202.0
noSBA_NAI,+ NAI,-2.8861047835990887,0.3869809223144172,0.04546396232630808,3,81,202.0
noSBA_NAI,+ NAI,-2.876993166287016,0.38615879085560617,0.045893496368002724,3,81,202.0
noSBA_NAI,+ NAI,-2.867881548974943,0.3853296747472644,0.0462665069714202,3,81,202.0
noSBA_NAI,+ NAI,-2.85876993166287,0.38449297903594776,0.046584172855168686,3,81,202.0
noSBA_NAI,+ NAI,-2.849658314350797,0.38364807203436757,0.04684777642189985,3,81,202.0
noSBA_NAI,+ NAI,-2.8405466970387243,0.3827942889683078,0.04705869289036824,3,81,202.0
noSBA_NAI,+ NAI,-2.8314350797266514,0.3819309355586545,0.0472183789762885,3,81,202.0
noSBA_NAI,+ NAI,-2.8223234624145785,0.3810572915135723,0.04732836121350722,3,81,202.0
noSBA_NAI,+ NAI,-2.8132118451025057,0.38017261390900164,0.04739022401686003,3,81,202.0
noSBA_NAI,+ NAI,-2.8041002277904328,0.37927614043886865,0.04740559759738211,3,81,202.0
noSBA_NAI,+ NAI,-2.79498861047836,0.3783670925196903,0.04737614584898884,3,81,202.0
noSBA_NAI,+ NAI,-2.785876993166287,0.3774446782375401,0.047303554333082934,3,81,202.0
noSBA_NAI,+ NAI,-2.776765375854214,0.37650809512858835,0.04718951849347157,3,81,202.0
noSBA_NAI,+ NAI,-2.7676537585421412,0.37555653278761664,0.04703573223816441,3,81,202.0
noSBA_NAI,+ NAI,-2.7585421412300684,0.37458917530195396,0.04684387702681024,3,81,202.0
noSBA_NAI,+ NAI,-2.7494305239179955,0.37360520351120735,0.046615611602363785,3,81,202.0
noSBA_NAI,+ NAI,-2.7403189066059226,0.3726037970958856,0.046352562502870225,3,81,202.0
noSBA_NAI,+ NAI,-2.7312072892938497,0.37158413650054545,0.04605631548374965,3,81,202.0
noSBA_NAI,+ NAI,-2.722095671981777,0.3705454046993899,0.04572840797255783,3,81,202.0
noSBA_NAI,+ NAI,-2.712984054669704,0.3694867888142929,0.04537032266681434,3,81,202.0
noSBA_NAI,+ NAI,-2.703872437357631,0.36840748159702036,0.044983482371169,3,81,202.0
noSBA_NAI,+ NAI,-2.694760820045558,0.3673066827889208,0.04456924615306502,3,81,202.0
noSBA_NAI,+ NAI,-2.6856492027334853,0.3661836003726006,0.04412890687639146,3,81,202.0
noSBA_NAI,+ NAI,-2.6765375854214124,0.36503745173104446,0.04366369015077079,3,81,202.0
noSBA_NAI,+ NAI,-2.6674259681093395,0.3638674647303111,0.043174754710533246,3,81,202.0
noSBA_NAI,+ NAI,-2.6583143507972666,0.362672878742325,0.0426631942126649,3,81,202.0
noSBA_NAI,+ NAI,-2.6492027334851938,0.36145294562440783,0.04213004041765658,3,81,202.0
noSBA_NAI,+ NAI,-2.640091116173121,0.3602069306720577,0.041576267691924906,3,81,202.0
noSBA_NAI,+ NAI,-2.630979498861048,0.35893411356109883,0.04100279874594859,3,81,202.0
noSBA_NAI,+ NAI,-2.621867881548975,0.3576337892947217,0.04041051149918011,3,81,202.0
noSBA_NAI,+ NAI,-2.612756264236902,0.35630526917010946,0.03980024694170446,3,81,202.0
noSBA_NAI,+ NAI,-2.6036446469248293,0.3549478817783329,0.03917281784411484,3,81,202.0
noSBA_NAI,+ NAI,-2.5945330296127564,0.3535609740500199,0.03852901815155573,3,81,202.0
noSBA_NAI,+ NAI,-2.5854214123006836,0.3521439123579684,0.03786963288569458,3,81,202.0
noSBA_NAI,+ NAI,-2.5763097949886107,0.3506960836864155,0.03719544836967317,3,81,202.0
noSBA_NAI,+ NAI,-2.567198177676538,0.3492168968751146,0.03650726258593622,3,81,202.0
noSBA_NAI,+ NAI,-2.558086560364465,0.34770578394472157,0.03580589547507613,3,81,202.0
noSBA_NAI,+ NAI,-2.548974943052392,0.3461622015082872,0.035092198985303906,3,81,202.0
noSBA_NAI,+ NAI,-2.539863325740319,0.3445856322719078,0.03436706668641703,3,81,202.0
noSBA_NAI,+ NAI,-2.5307517084282463,0.3429755866258148,0.0336314427687777,3,81,202.0
noSBA_NAI,+ NAI,-2.5216400911161734,0.34133160432541726,0.032886330256257944,3,81,202.0
noSBA_NAI,+ NAI,-2.5125284738041005,0.33965325626006476,0.032132798271745144,3,81,202.0
noSBA_NAI,+ NAI,-2.5034168564920276,0.3379401463055777,0.0313719882040231,3,81,202.0
noSBA_NAI,+ NAI,-2.4943052391799547,0.3361919132549193,0.030605118634949847,3,81,202.0
noSBA_NAI,+ NAI,-2.485193621867882,0.33440823281978926,0.02983348889532299,3,81,202.0
noSBA_NAI,+ NAI,-2.476082004555809,0.33258881969437526,0.02905848112601139,3,81,202.0
noSBA_NAI,+ NAI,-2.466970387243736,0.33073342967105934,0.028281560727519108,3,81,202.0
noSBA_NAI,+ NAI,-2.457858769931663,0.32884186179652275,0.02750427508578168,3,81,202.0
noSBA_NAI,+ NAI,-2.4487471526195903,0.3269139605554463,0.026728250464693196,3,81,202.0
noSBA_NAI,+ NAI,-2.4396355353075174,0.32494961806786,0.025955186956905088,3,81,202.0
noSBA_NAI,+ NAI,-2.430523917995444,0.32294877628517504,0.025186851384526438,3,81,202.0
noSBA_NAI,+ NAI,-2.421412300683371,0.32091142916902893,0.0244250680417156,3,81,202.0
noSBA_NAI,+ NAI,-2.4123006833712983,0.31883762483628747,0.023671707173786808,3,81,202.0
noSBA_NAI,+ NAI,-2.4031890660592254,0.31672746765290255,0.02292867109502408,3,81,202.0
noSBA_NAI,+ NAI,-2.3940774487471526,0.31458112025878876,0.022197877863688827,3,81,202.0
noSBA_NAI,+ NAI,-2.3849658314350797,0.312398805505499,0.021481242462329166,3,81,202.0
noSBA_NAI,+ NAI,-2.375854214123007,0.3101808082882014,0.020780655480077976,3,81,202.0
noSBA_NAI,+ NAI,-2.366742596810934,0.3079274772533439,0.020097959367280815,3,81,202.0
noSBA_NAI,+ NAI,-2.357630979498861,0.3056392263633823,0.019434922437660852,3,81,202.0
noSBA_NAI,+ NAI,-2.348519362186788,0.3033165363000894,0.01879321093428749,3,81,202.0
noSBA_NAI,+ NAI,-2.3394077448747153,0.3009599556882292,0.01817435965522883,3,81,202.0
noSBA_NAI,+ NAI,-2.3302961275626424,0.29857010212178264,0.01757974185074797,3,81,202.0
noSBA_NAI,+ NAI,-2.3211845102505695,0.2961476629754458,0.017010539347290222,3,81,202.0
noSBA_NAI,+ NAI,-2.3120728929384966,0.29369339598478783,0.016467714106768738,3,81,202.0
noSBA_NAI,+ NAI,-2.3029612756264237,0.29120812957925946,0.01595198266571459,3,81,202.0
noSBA_NAI,+ NAI,-2.293849658314351,0.2886927629531697,0.015463795081915511,3,81,202.0
noSBA_NAI,+ NAI,-2.284738041002278,0.2861482658608121,0.01500332010520671,3,81,202.0
noSBA_NAI,+ NAI,-2.275626423690205,0.28357567812311196,0.014570438244039965,3,81,202.0
noSBA_NAI,+ NAI,-2.266514806378132,0.28097610883447915,0.014164744189956677,3,81,202.0
noSBA_NAI,+ NAI,-2.2574031890660593,0.2783507352599905,0.013785559676629007,3,81,202.0
noSBA_NAI,+ NAI,-2.2482915717539864,0.27570080141459047,0.013431957303588253,3,81,202.0
noSBA_NAI,+ NAI,-2.2391799544419135,0.27302761631766437,0.013102795190914384,3,81,202.0
noSBA_NAI,+ NAI,-2.2300683371298406,0.27033255191812827,0.01279676161860357,3,81,202.0
noSBA_NAI,+ NAI,-2.2209567198177678,0.26761704068706915,0.012512428125076247,3,81,202.0
noSBA_NAI,+ NAI,-2.211845102505695,0.26488257287694894,0.012248308972914962,3,81,202.0
noSBA_NAI,+ NAI,-2.202733485193622,0.2621306934484613,0.012002924496876677,3,81,202.0
noSBA_NAI,+ NAI,-2.193621867881549,0.2593629986682784,0.011774865658465824,3,81,202.0
noSBA_NAI,+ NAI,-2.1845102505694762,0.2565811323831395,0.011562857135579111,3,81,202.0
noSBA_NAI,+ NAI,-2.1753986332574033,0.25378678197800164,0.011365816435380783,3,81,202.0
noSBA_NAI,+ NAI,-2.1662870159453305,0.2509816740282824,0.011182906773082313,3,81,202.0
noSBA_NAI,+ NAI,-2.1571753986332576,0.24816756965855383,0.011013581742183459,3,81,202.0
noSBA_NAI,+ NAI,-2.1480637813211847,0.2453462596223878,0.010857620056082241,3,81,202.0
noSBA_NAI,+ NAI,-2.138952164009112,0.24251955912038012,0.010715148832355099,3,81,202.0
noSBA_NAI,+ NAI,-2.129840546697039,0.2396893023756815,0.01058665401663219,3,81,202.0
noSBA_NAI,+ NAI,-2.120728929384966,0.23685733698861547,0.010472976636164175,3,81,202.0
noSBA_NAI,+ NAI,-2.111617312072893,0.2340255180941414,0.010375293702893591,3,81,202.0
noSBA_NAI,+ NAI,-2.1025056947608203,0.23119570234801765,0.010295082849850838,3,81,202.0
noSBA_NAI,+ NAI,-2.0933940774487474,0.22836974176949618,0.010234070293472081,3,81,202.0
noSBA_NAI,+ NAI,-2.0842824601366745,0.2255494774702325,0.010194162563832383,3,81,202.0
noSBA_NAI,+ NAI,-2.0751708428246016,0.22273673330078592,0.010177363677175267,3,81,202.0
noSBA_NAI,+ NAI,-2.0660592255125287,0.2199333094476085,0.010185680985775951,3,81,202.0
noSBA_NAI,+ NAI,-2.056947608200456,0.21714097601474938,0.010221024644126235,3,81,202.0
noSBA_NAI,+ NAI,-2.047835990888383,0.2143614666256116,0.010285107162329058,3,81,202.0
noSBA_NAI,+ NAI,-2.03872437357631,0.21159647208098709,0.010379350484427187,3,81,202.0
noSBA_NAI,+ NAI,-2.029612756264237,0.20884763411023233,0.010504808068498126,3,81,202.0
noSBA_NAI,+ NAI,-2.0205011389521643,0.20611653925282328,0.010662108359045623,3,81,202.0
noSBA_NAI,+ NAI,-2.0113895216400914,0.20340471290763576,0.010851423903321928,3,81,202.0
noSBA_NAI,+ NAI,-2.0022779043280186,0.20071361358712095,0.011072467533157814,3,81,202.0
noSBA_NAI,+ NAI,-1.9931662870159457,0.19804462741307652,0.011324514069445651,3,81,202.0
noSBA_NAI,+ NAI,-1.9840546697038728,0.1953990628899588,0.011606443487336075,3,81,202.0
noSBA_NAI,+ NAI,-1.9749430523918,0.19277814599062104,0.011916799832304375,3,81,202.0
noSBA_NAI,+ NAI,-1.9658314350797266,0.1901830155880161,0.01225385956619769,3,81,202.0
noSBA_NAI,+ NAI,-1.9567198177676537,0.18761471926476234,0.01261570335208248,3,81,202.0
noSBA_NAI,+ NAI,-1.9476082004555808,0.18507420953054562,0.013000286282449066,3,81,202.0
noSBA_NAI,+ NAI,-1.938496583143508,0.18256234047514167,0.013405502880593171,3,81,202.0
noSBA_NAI,+ NAI,-1.929384965831435,0.1800798648823835,0.013829244561040857,3,81,202.0
noSBA_NAI,+ NAI,-1.9202733485193622,0.1776274318277109,0.014269448416079501,3,81,202.0
noSBA_NAI,+ NAI,-1.9111617312072893,0.17520558477901274,0.01472413709975833,3,81,202.0
noSBA_NAI,+ NAI,-1.9020501138952164,0.17281476021736228,0.015191450190304169,3,81,202.0
noSBA_NAI,+ NAI,-1.8929384965831435,0.17045528679094246,0.015669667762367185,3,81,202.0
noSBA_NAI,+ NAI,-1.8838268792710706,0.1681273850120203,0.016157227051819233,3,81,202.0
noSBA_NAI,+ NAI,-1.8747152619589977,0.165831167503254,0.016652733111456784,3,81,202.0
noSBA_NAI,+ NAI,-1.8656036446469249,0.16356663979596597,0.01715496429107507,3,81,202.0
noSBA_NAI,+ NAI,-1.856492027334852,0.16133370167928976,0.01766287327215374,3,81,202.0
noSBA_NAI,+ NAI,-1.847380410022779,0.1591321490953569,0.01817558427487935,3,81,202.0
noSBA_NAI,+ NAI,-1.8382687927107062,0.15696167657194604,0.01869238695138139,3,81,202.0
noSBA_NAI,+ NAI,-1.8291571753986333,0.1548218801803154,0.01921272739343196,3,81,202.0
noSBA_NAI,+ NAI,-1.8200455580865604,0.15271226100230767,0.019736196619235848,3,81,202.0
noSBA_NAI,+ NAI,-1.8109339407744875,0.15063222908728924,0.020262516862322034,3,81,202.0
noSBA_NAI,+ NAI,-1.8018223234624147,0.14858110787609383,0.020791525963679947,3,81,202.0
noSBA_NAI,+ NAI,-1.7927107061503418,0.14655813906591386,0.02132316016267299,3,81,202.0
noSBA_NAI,+ NAI,-1.783599088838269,0.14456248788705103,0.021857435588784422,3,81,202.0
noSBA_NAI,+ NAI,-1.774487471526196,0.14259324875962684,0.022394428770609282,3,81,202.0
noSBA_NAI,+ NAI,-1.7653758542141231,0.1406494512957889,0.0229342564964713,3,81,202.0
noSBA_NAI,+ NAI,-1.7562642369020502,0.13873006661064854,0.02347705537864705,3,81,202.0
noSBA_NAI,+ NAI,-1.7471526195899774,0.13683401390317848,0.02402296148690102,3,81,202.0
noSBA_NAI,+ NAI,-1.7380410022779045,0.13496016726658644,0.02457209042389889,3,81,202.0
noSBA_NAI,+ NAI,-1.7289293849658316,0.1331073626862921,0.025124518212829842,3,81,202.0
noSBA_NAI,+ NAI,-1.7198177676537587,0.1312744051825684,0.025680263354750113,3,81,202.0
noSBA_NAI,+ NAI,-1.7107061503416858,0.12946007605417464,0.026239270389182875,3,81,202.0
noSBA_NAI,+ NAI,-1.701594533029613,0.12766314017891514,0.026801395256630955,3,81,202.0
noSBA_NAI,+ NAI,-1.69248291571754,0.12588235332699413,0.027366392716988205,3,81,202.0
noSBA_NAI,+ NAI,-1.6833712984054672,0.12411646944331396,0.0279339060251734,3,81,202.0
noSBA_NAI,+ NAI,-1.6742596810933943,0.12236424785546363,0.02850345900699435,3,81,202.0
noSBA_NAI,+ NAI,-1.6651480637813214,0.12062446036506073,0.029074450616965467,3,81,202.0
noSBA_NAI,+ NAI,-1.6560364464692485,0.11889589818133557,0.029646151998314073,3,81,202.0
noSBA_NAI,+ NAI,-1.6469248291571756,0.11717737865735671,0.030217706006395898,3,81,202.0
noSBA_NAI,+ NAI,-1.6378132118451028,0.11546775179108504,0.030788129102539398,3,81,202.0
noSBA_NAI,+ NAI,-1.6287015945330299,0.1137659064554809,0.031356315477862017,3,81,202.0
noSBA_NAI,+ NAI,-1.619589977220957,0.1120707763241583,0.031921043227187335,3,81,202.0
noSBA_NAI,+ NAI,-1.610478359908884,0.1103813454615588,0.03248098236261593,3,81,202.0
noSBA_NAI,+ NAI,-1.6013667425968112,0.1086966535492772,0.03303470443475972,3,81,202.0
noSBA_NAI,+ NAI,-1.5922551252847383,0.10701580072299044,0.03358069351685032,3,81,202.0
noSBA_NAI,+ NAI,-1.5831435079726655,0.10533795199738753,0.034117358302178664,3,81,202.0
noSBA_NAI,+ NAI,-1.5740318906605926,0.10366234125955305,0.034643045067618006,3,81,202.0
noSBA_NAI,+ NAI,-1.5649202733485197,0.10198827481438334,0.035156051264164885,3,81,202.0
noSBA_NAI,+ NAI,-1.5558086560364468,0.10031513446879303,0.03565463950825169,3,81,202.0
noSBA_NAI,+ NAI,-1.546697038724374,0.09864238014467115,0.03613705176381754,3,81,202.0
noSBA_NAI,+ NAI,-1.537585421412301,0.09696955201374106,0.03660152352362693,3,81,202.0
noSBA_NAI,+ NAI,-1.5284738041002282,0.09529627215064983,0.037046297818089435,3,81,202.0
noSBA_NAI,+ NAI,-1.5193621867881553,0.09362224570372718,0.0374696389000097,3,81,202.0
noSBA_NAI,+ NAI,-1.5102505694760824,0.0919472615858961,0.037869845473608686,3,81,202.0
noSBA_NAI,+ NAI,-1.501138952164009,0.09027119269116314,0.038245263355286746,3,81,202.0
noSBA_NAI,+ NAI,-1.4920273348519362,0.08859399564494519,0.038594297471598135,3,81,202.0
noSBA_NAI,+ NAI,-1.4829157175398633,0.08691571009918585,0.03891542311653715,3,81,202.0
noSBA_NAI,+ NAI,-1.4738041002277904,0.08523645758576325,0.03920719640539545,3,81,202.0
noSBA_NAI,+ NAI,-1.4646924829157175,0.08355643994407298,0.039468263876101826,3,81,202.0
noSBA_NAI,+ NAI,-1.4555808656036446,0.08187593734088058,0.03969737120114273,3,81,202.0
noSBA_NAI,+ NAI,-1.4464692482915718,0.08019530590256112,0.03989337098396687,3,81,202.0
noSBA_NAI,+ NAI,-1.4373576309794989,0.07851497498167481,0.04005522962331053,3,81,202.0
noSBA_NAI,+ NAI,-1.428246013667426,0.07683544408145915,0.04018203323727467,3,81,202.0
noSBA_NAI,+ NAI,-1.419134396355353,0.07515727946324524,0.0402729926463646,3,81,202.0
noSBA_NAI,+ NAI,-1.4100227790432802,0.07348111046303098,0.04032744742120978,3,81,202.0
noSBA_NAI,+ NAI,-1.4009111617312073,0.07180762554445615,0.04034486900642077,3,81,202.0
noSBA_NAI,+ NAI,-1.3917995444191344,0.07013756811623774,0.040324862937137614,3,81,202.0
noSBA_NAI,+ NAI,-1.3826879271070616,0.06847173214272924,0.04026717016936032,3,81,202.0
noSBA_NAI,+ NAI,-1.3735763097949887,0.0668109575766758,0.040171667549218484,3,81,202.0
noSBA_NAI,+ NAI,-1.3644646924829158,0.06515612564345039,0.04003836744999361,3,81,202.0
noSBA_NAI,+ NAI,-1.355353075170843,0.06350815400608285,0.0398674166090127,3,81,202.0
noSBA_NAI,+ NAI,-1.34624145785877,0.061867991840237,0.039659094199518886,3,81,202.0
noSBA_NAI,+ NAI,-1.3371298405466971,0.06023661484796488,0.03941380917533506,3,81,202.0
noSBA_NAI,+ NAI,-1.3280182232346243,0.05861502023857521,0.03913209692857806,3,81,202.0
noSBA_NAI,+ NAI,-1.3189066059225514,0.057004221704309875,0.03881461530287708,3,81,202.0
noSBA_NAI,+ NAI,-1.3097949886104785,0.05540524441773115,0.03846214000650291,3,81,202.0
noSBA_NAI,+ NAI,-1.3006833712984056,0.05381912007680347,0.0380755594715256,3,81,202.0
noSBA_NAI,+ NAI,-1.2915717539863327,0.05224688202260694,0.0376558692065893,3,81,202.0
noSBA_NAI,+ NAI,-1.2824601366742598,0.05068956045346668,0.037204165692115834,3,81,202.0
noSBA_NAI,+ NAI,-1.273348519362187,0.04914817775802512,0.03672163986772212,3,81,202.0
noSBA_NAI,+ NAI,-1.264236902050114,0.04762374398844136,0.03620957026235107,3,81,202.0
noSBA_NAI,+ NAI,-1.2551252847380412,0.04611725249348081,0.03566931581806735,3,81,202.0
noSBA_NAI,+ NAI,-1.2460136674259683,0.04462967572976973,0.03510230845865385,3,81,202.0
noSBA_NAI,+ NAI,-1.2369020501138954,0.04316196126794824,0.03451004545405576,3,81,202.0
noSBA_NAI,+ NAI,-1.2277904328018225,0.04171502800886687,0.03389408163135882,3,81,202.0
noSBA_NAI,+ NAI,-1.2186788154897497,0.04028976262335354,0.033256021482352106,3,81,202.0
noSBA_NAI,+ NAI,-1.2095671981776768,0.038887016227432514,0.032597511216821376,3,81,202.0
noSBA_NAI,+ NAI,-1.2004555808656039,0.03750760130322119,0.031920230809545466,3,81,202.0
noSBA_NAI,+ NAI,-1.191343963553531,0.036152288874071244,0.03122588608753897,3,81,202.0
noSBA_NAI,+ NAI,-1.1822323462414581,0.03482180594086549,0.030516200902403354,3,81,202.0
noSBA_NAI,+ NAI,-1.1731207289293852,0.03351683318474508,0.029792909430733854,3,81,202.0
noSBA_NAI,+ NAI,-1.1640091116173124,0.03223800293992558,0.029057748643388236,3,81,202.0
noSBA_NAI,+ NAI,-1.1548974943052395,0.030985897438678082,0.028312450982081683,3,81,202.0
noSBA_NAI,+ NAI,-1.1457858769931666,0.029761047329009502,0.027558737279237976,3,81,202.0
noSBA_NAI,+ NAI,-1.1366742596810937,0.02856393046407958,0.02679830995433072,3,81,202.0
noSBA_NAI,+ NAI,-1.1275626423690208,0.027394970960951632,0.02603284651710357,3,81,202.0
noSBA_NAI,+ NAI,-1.118451025056948,0.026254538524892738,0.025263993405094613,3,81,202.0
noSBA_NAI,+ NAI,-1.109339407744875,0.025142948034125288,0.024493360179826573,3,81,202.0
noSBA_NAI,+ NAI,-1.1002277904328022,0.024060459378689156,0.023722514102888566,3,81,202.0
noSBA_NAI,+ NAI,-1.0911161731207293,0.02300727754590871,0.02295297510995179,3,81,202.0
noSBA_NAI,+ NAI,-1.0820045558086564,0.02198355294387477,0.022186211197554758,3,81,202.0
noSBA_NAI,+ NAI,-1.0728929384965835,0.020989381953352534,0.021423634234289002,3,81,202.0
noSBA_NAI,+ NAI,-1.0637813211845106,0.020024807697615988,0.02066659620483891,3,81,202.0
noSBA_NAI,+ NAI,-1.0546697038724377,0.019089821018889907,0.019916385892202005,3,81,202.0
noSBA_NAI,+ NAI,-1.0455580865603649,0.01818436164935402,0.019174226000362234,3,81,202.0
noSBA_NAI,+ NAI,-1.036446469248292,0.017308319564032577,0.018441270716729963,3,81,202.0
noSBA_NAI,+ NAI,-1.0273348519362187,0.016461536502356326,0.017718603710818567,3,81,202.0
noSBA_NAI,+ NAI,-1.0182232346241458,0.01564380764474426,0.01700723656291788,3,81,202.0
noSBA_NAI,+ NAI,-1.0091116173120729,0.014854883430207513,0.016308107613965138,3,81,202.0
noSBA_NAI,+ NAI,-1.0,0.014094471500729401,0.015622081225420817,3,81,202.0
noSBA_noNAI,- NAI,-5.0,0.011853083901603056,0.007168721594334927,3,15,60.0
noSBA_noNAI,- NAI,-4.990888382687927,0.012414477210939011,0.00732164893978803,3,15,60.0
noSBA_noNAI,- NAI,-4.981776765375854,0.012995207005173962,0.0074689508666137185,3,15,60.0
noSBA_noNAI,- NAI,-4.972665148063781,0.01359556369283324,0.007610107851766387,3,15,60.0
noSBA_noNAI,- NAI,-4.9635535307517085,0.014215824804799368,0.0077446144530243346,3,15,60.0
noSBA_noNAI,- NAI,-4.954441913439635,0.014856254382172474,0.00787198437433981,3,15,60.0
noSBA_noNAI,- NAI,-4.945330296127563,0.015517102413612727,0.007991756033044322,3,15,60.0
noSBA_noNAI,- NAI,-4.936218678815489,0.01619860432805421,0.008103498681734609,3,15,60.0
noSBA_noNAI,- NAI,-4.927107061503417,0.01690098054865166,0.008206819145743383,3,15,60.0
noSBA_noNAI,- NAI,-4.917995444191344,0.017624436113740236,0.00830136924591913,3,15,60.0
noSBA_noNAI,- NAI,-4.908883826879271,0.01836916037044664,0.00838685398576163,3,15,60.0
noSBA_noNAI,- NAI,-4.899772209567198,0.019135326746389434,0.008463040591345724,3,15,60.0
noSBA_noNAI,- NAI,-4.890660592255125,0.019923092604635095,0.008529768501195934,3,15,60.0
noSBA_noNAI,- NAI,-4.881548974943052,0.020732599186745537,0.008586960410204559,3,15,60.0
noSBA_noNAI,- NAI,-4.87243735763098,0.021563971648341923,0.00863463447509697,3,15,60.0
noSBA_noNAI,- NAI,-4.863325740318906,0.022417319191140983,0.008672917786301134,3,15,60.0
noSBA_noNAI,- NAI,-4.854214123006834,0.023292735294866557,0.008702061198751238,3,15,60.0
noSBA_noNAI,- NAI,-4.8451025056947605,0.024190298051827614,0.008722455587098905,3,15,60.0
noSBA_noNAI,- NAI,-4.835990888382688,0.025110070606262858,0.008734649542191393,3,15,60.0
noSBA_noNAI,- NAI,-4.826879271070615,0.02605210169980211,0.008739368446595546,3,15,60.0
noSBA_noNAI,- NAI,-4.817767653758542,0.02701642632357321,0.008737534746264233,3,15,60.0
noSBA_noNAI,- NAI,-4.808656036446469,0.028003066476608468,0.008730289060130259,3,15,60.0
noSBA_noNAI,- NAI,-4.7995444191343966,0.02901203202926937,0.008719011525638844,3,15,60.0
noSBA_noNAI,- NAI,-4.790432801822323,0.030043321689430347,0.008705342453925326,3,15,60.0
noSBA_noNAI,- NAI,-4.781321184510251,0.031096924068134243,0.008691200957815668,3,15,60.0
noSBA_noNAI,- NAI,-4.7722095671981775,0.03217281884038252,0.008678799727256836,3,15,60.0
noSBA_noNAI,- NAI,-4.763097949886105,0.033270977995634304,0.008670653592804996,3,15,60.0
noSBA_noNAI,- NAI,-4.753986332574032,0.034391367171499924,0.008669579008168903,3,15,60.0
noSBA_noNAI,- NAI,-4.744874715261959,0.0355339470630066,0.008678681215867443,3,15,60.0
noSBA_noNAI,- NAI,-4.735763097949886,0.03669867489872718,0.008701325805885212,3,15,60.0
noSBA_noNAI,- NAI,-4.7266514806378135,0.03788550597398184,0.008741091841849704,3,15,60.0
noSBA_noNAI,- NAI,-4.71753986332574,0.03909439523028381,0.00880170490848263,3,15,60.0
noSBA_noNAI,- NAI,-4.708428246013668,0.04032529886919355,0.008886950431659758,3,15,60.0
noSBA_noNAI,- NAI,-4.699316628701594,0.0415781759878088,0.009000570346467798,3,15,60.0
noSBA_noNAI,- NAI,-4.690205011389522,0.042852990222232816,0.009146149267142224,3,15,60.0
noSBA_noNAI,- NAI,-4.681093394077449,0.044149711384579716,0.009326999092050087,3,15,60.0
noSBA_noNAI,- NAI,-4.671981776765376,0.04546831707836511,0.009546052657731391,3,15,60.0
noSBA_noNAI,- NAI,-4.662870159453303,0.04680879427654603,0.009805776962693045,3,15,60.0
noSBA_noNAI,- NAI,-4.65375854214123,0.04817114084598778,0.01010811436643395,3,15,60.0
noSBA_noNAI,- NAI,-4.644646924829157,0.04955536700179409,0.01045445639118696,3,15,60.0
noSBA_noNAI,- NAI,-4.635535307517085,0.05096149667471795,0.01084565020525185,3,15,60.0
noSBA_noNAI,- NAI,-4.626423690205011,0.052389568774809527,0.011282033654616188,3,15,60.0
noSBA_noNAI,- NAI,-4.617312072892939,0.05383963833453703,0.011763491749831908,3,15,60.0
noSBA_noNAI,- NAI,-4.6082004555808656,0.05531177751486962,0.012289526244287235,3,15,60.0
noSBA_noNAI,- NAI,-4.599088838268793,0.05680607645820863,0.012859330262774318,3,15,60.0
noSBA_noNAI,- NAI,-4.58997722095672,0.05832264397263684,0.013471861386985926,3,15,60.0
noSBA_noNAI,- NAI,-4.580865603644647,0.05986160803268428,0.014125908580771078,3,15,60.0
noSBA_noNAI,- NAI,-4.571753986332574,0.06142311608272555,0.014820150325001027,3,15,60.0
noSBA_noNAI,- NAI,-4.562642369020502,0.06300733513017918,0.015553202996199162,3,15,60.0
noSBA_noNAI,- NAI,-4.553530751708428,0.06461445161691892,0.0163236597232385,3,15,60.0
noSBA_noNAI,- NAI,-4.544419134396355,0.06624467105867492,0.017130120694389146,3,15,60.0
noSBA_noNAI,- NAI,-4.5353075170842825,0.06789821744373427,0.0179712162444101,3,15,60.0
noSBA_noNAI,- NAI,-4.52619589977221,0.069575332383905,0.0188456241364881,3,15,60.0
noSBA_noNAI,- NAI,-4.517084282460137,0.07127627401248592,0.01975208236854715,3,15,60.0
noSBA_noNAI,- NAI,-4.507972665148063,0.07300131562588104,0.020689398658203143,3,15,60.0
noSBA_noNAI,- NAI,-4.498861047835991,0.07475074406748049,0.021656457551309898,3,15,60.0
noSBA_noNAI,- NAI,-4.4897494305239185,0.07652485785449269,0.02265222589021204,3,15,60.0
noSBA_noNAI,- NAI,-4.480637813211845,0.07832396505054601,0.02367575718810555,3,15,60.0
noSBA_noNAI,- NAI,-4.471526195899772,0.08014838088904315,0.024726195293236924,3,15,60.0
noSBA_noNAI,- NAI,-4.462414578587699,0.08199842515445666,0.025802777592554046,3,15,60.0
noSBA_noNAI,- NAI,-4.453302961275626,0.08387441933095025,0.026904837896895652,3,15,60.0
noSBA_noNAI,- NAI,-4.444191343963554,0.08577668352990031,0.02803180906545059,3,15,60.0
noSBA_noNAI,- NAI,-4.43507972665148,0.08770553321005382,0.029183225362253453,3,15,60.0
noSBA_noNAI,- NAI,-4.425968109339408,0.08966127570614572,0.030358724488405348,3,15,60.0
noSBA_noNAI,- NAI,-4.4168564920273345,0.09164420658384059,0.03155804919756313,3,15,60.0
noSBA_noNAI,- NAI,-4.407744874715262,0.09365460584078183,0.03278104837666162,3,15,60.0
noSBA_noNAI,- NAI,-4.398633257403189,0.09569273397536225,0.03402767745706951,3,15,60.0
noSBA_noNAI,- NAI,-4.389521640091116,0.09775882794651236,0.035297998012123834,3,15,60.0
noSBA_noNAI,- NAI,-4.380410022779043,0.09985309704935337,0.03659217639438014,3,15,60.0
noSBA_noNAI,- NAI,-4.371298405466971,0.10197571873293494,0.03791048126930931,3,15,60.0
noSBA_noNAI,- NAI,-4.362186788154897,0.10412683438749055,0.03925327991119173,3,15,60.0
noSBA_noNAI,- NAI,-4.353075170842825,0.10630654512965083,0.040621033141232187,3,15,60.0
noSBA_noNAI,- NAI,-4.3439635535307515,0.10851490761487936,0.0420142888071926,3,15,60.0
noSBA_noNAI,- NAI,-4.334851936218679,0.1107519299069928,0.04343367372772476,3,15,60.0
noSBA_noNAI,- NAI,-4.325740318906606,0.11301756743502848,0.04487988405269392,3,15,60.0
noSBA_noNAI,- NAI,-4.316628701594533,0.11531171906788006,0.04635367402250468,3,15,60.0
noSBA_noNAI,- NAI,-4.30751708428246,0.11763422333707813,0.04785584314410648,3,15,60.0
noSBA_noNAI,- NAI,-4.2984054669703875,0.11998485483779693,0.049387221838049916,3,15,60.0
noSBA_noNAI,- NAI,-4.289293849658314,0.12236332083767432,0.05094865564871455,3,15,60.0
noSBA_noNAI,- NAI,-4.280182232346242,0.12476925812228627,0.052540988147447495,3,15,60.0
noSBA_noNAI,- NAI,-4.271070615034168,0.1272022301051777,0.05416504269466136,3,15,60.0
noSBA_noNAI,- NAI,-4.261958997722096,0.12966172422917685,0.05582160326066203,3,15,60.0
noSBA_noNAI,- NAI,-4.252847380410023,0.13214714968436012,0.05751139453491899,3,15,60.0
noSBA_noNAI,- NAI,-4.24373576309795,0.13465783546645582,0.059235061578518496,3,15,60.0
noSBA_noNAI,- NAI,-4.234624145785877,0.137193028797737,0.06099314929373349,3,15,60.0
noSBA_noNAI,- NAI,-4.225512528473804,0.139751893930511,0.06278608199723831,3,15,60.0
noSBA_noNAI,- NAI,-4.216400911161731,0.14233351135124542,0.06461414338907125,3,15,60.0
noSBA_noNAI,- NAI,-4.207289293849659,0.14493687740111938,0.06647745720779694,3,15,60.0
noSBA_noNAI,- NAI,-4.198177676537585,0.1475609043264426,0.06837596885362582,3,15,60.0
noSBA_noNAI,- NAI,-4.189066059225513,0.15020442076989146,0.0703094282458958,3,15,60.0
noSBA_noNAI,- NAI,-4.17995444191344,0.15286617271095082,0.07227737416005457,3,15,60.0
noSBA_noNAI,- NAI,-4.170842824601367,0.15554482486127405,0.07427912026296464,3,15,60.0
noSBA_noNAI,- NAI,-4.161731207289294,0.15823896251797367,0.07631374303510517,3,15,60.0
noSBA_noNAI,- NAI,-4.152619589977221,0.16094709387506506,0.07838007173516816,3,15,60.0
noSBA_noNAI,- NAI,-4.143507972665148,0.1636676527905101,0.08047668052788898,3,15,60.0
noSBA_noNAI,- NAI,-4.134396355353076,0.16639900200347965,0.0826018828607875,3,15,60.0
noSBA_noNAI,- NAI,-4.125284738041002,0.16913943679367202,0.08475372814094174,3,15,60.0
noSBA_noNAI,- NAI,-4.116173120728929,0.1718871890717247,0.0869300007298193,3,15,60.0
noSBA_noNAI,- NAI,-4.1070615034168565,0.17464043188703812,0.08912822124335555,3,15,60.0
noSBA_noNAI,- NAI,-4.097949886104784,0.17739728433663163,0.09134565011640068,3,15,60.0
noSBA_noNAI,- NAI,-4.088838268792711,0.18015581685605042,0.09357929336577743,3,15,60.0
noSBA_noNAI,- NAI,-4.079726651480637,0.18291405687080908,0.0958259104646752,3,15,60.0
noSBA_noNAI,- NAI,-4.070615034168565,0.18566999478444657,0.09808202422301887,3,15,60.0
noSBA_noNAI,- NAI,-4.0615034168564925,0.18842159027694902,0.1003439325536854,3,15,60.0
noSBA_noNAI,- NAI,-4.052391799544419,0.1911667788851188,0.10260772199282342,3,15,60.0
noSBA_noNAI,- NAI,-4.043280182232346,0.193903478834437,0.10486928283379511,3,15,60.0
noSBA_noNAI,- NAI,-4.034168564920273,0.19662959809007108,0.10712432572807463,3,15,60.0
noSBA_noNAI,- NAI,-4.025056947608201,0.19934304159296212,0.10936839960248321,3,15,60.0
noSBA_noNAI,- NAI,-4.015945330296128,0.20204171864536893,0.11159691074006295,3,15,60.0
noSBA_noNAI,- NAI,-4.006833712984054,0.20472355040888632,0.1138051428713767,3,15,60.0
noSBA_noNAI,- NAI,-3.997722095671982,0.20738647747676986,0.11598827812374857,3,15,60.0
noSBA_noNAI,- NAI,-3.988610478359909,0.21002846748142404,0.11814141867768004,3,15,60.0
noSBA_noNAI,- NAI,-3.979498861047836,0.21264752269712914,0.12025960898214774,3,15,60.0
noSBA_noNAI,- NAI,-3.9703872437357632,0.2152416875975267,0.12233785838353677,3,15,60.0
noSBA_noNAI,- NAI,-3.9612756264236904,0.21780905632702327,0.12437116402641708,3,15,60.0
noSBA_noNAI,- NAI,-3.9521640091116175,0.22034778004514646,0.1263545338881403,3,15,60.0
noSBA_noNAI,- NAI,-3.9430523917995446,0.22285607410298006,0.12828300981322724,3,15,60.0
noSBA_noNAI,- NAI,-3.9339407744874713,0.22533222501111339,0.13015169041767793,3,15,60.0
noSBA_noNAI,- NAI,-3.924829157175399,0.22777459715908566,0.13195575373764906,3,15,60.0
noSBA_noNAI,- NAI,-3.9157175398633255,0.23018163924707094,0.13369047950139526,3,15,60.0
noSBA_noNAI,- NAI,-3.906605922551253,0.2325518903915357,0.13535127090795443,3,15,60.0
noSBA_noNAI,- NAI,-3.8974943052391797,0.23488398586781614,0.13693367580080595,3,15,60.0
noSBA_noNAI,- NAI,-3.8883826879271073,0.23717666245399002,0.13843340712965474,3,15,60.0
noSBA_noNAI,- NAI,-3.879271070615034,0.23942876334206886,0.13984636259861924,3,15,60.0
noSBA_noNAI,- NAI,-3.8701594533029615,0.24163924258438288,0.14116864340445515,3,15,60.0
noSBA_noNAI,- NAI,-3.861047835990888,0.24380716904510144,0.1423965719740579,3,15,60.0
noSBA_noNAI,- NAI,-3.8519362186788157,0.24593172982907366,0.14352670861636269,3,15,60.0
noSBA_noNAI,- NAI,-3.8428246013667424,0.24801223316262852,0.14455586700994205,3,15,60.0
noSBA_noNAI,- NAI,-3.83371298405467,0.250048110703577,0.14548112845406466,3,15,60.0
noSBA_noNAI,- NAI,-3.8246013667425967,0.2520389192604621,0.14629985481777888,3,15,60.0
noSBA_noNAI,- NAI,-3.815489749430524,0.25398434190402175,0.14700970012866577,3,15,60.0
noSBA_noNAI,- NAI,-3.806378132118451,0.2558841884569261,0.14760862075031153,3,15,60.0
noSBA_noNAI,- NAI,-3.7972665148063784,0.2577383953510464,0.14809488410523816,3,15,60.0
noSBA_noNAI,- NAI,-3.788154897494305,0.25954702484483644,0.1484670759079848,3,15,60.0
noSBA_noNAI,- NAI,-3.7790432801822327,0.26131026359681414,0.1487241058812459,3,15,60.0
noSBA_noNAI,- NAI,-3.7699316628701594,0.26302842059463133,0.14886521193639576,3,15,60.0
noSBA_noNAI,- NAI,-3.760820045558087,0.26470192444275803,0.14888996280832947,3,15,60.0
noSBA_noNAI,- NAI,-3.7517084282460136,0.26633132001541027,0.1487982591433033,3,15,60.0
noSBA_noNAI,- NAI,-3.742596810933941,0.2679172644849553,0.14859033304729408,3,15,60.0
noSBA_noNAI,- NAI,-3.733485193621868,0.2694605227396499,0.14826674611128585,3,15,60.0
noSBA_noNAI,- NAI,-3.7243735763097954,0.270961962208155,0.14782838593877215,3,15,60.0
noSBA_noNAI,- NAI,-3.715261958997722,0.27242254711183694,0.147276461209582,3,15,60.0
noSBA_noNAI,- NAI,-3.706150341685649,0.27384333216934614,0.14661249532282739,3,15,60.0
noSBA_noNAI,- NAI,-3.6970387243735763,0.27522545578139285,0.14583831867028635,3,15,60.0
noSBA_noNAI,- NAI,-3.6879271070615034,0.2765701327269346,0.14495605959979607,3,15,60.0
noSBA_noNAI,- NAI,-3.6788154897494305,0.27787864640518456,0.14396813413618084,3,15,60.0
noSBA_noNAI,- NAI,-3.6697038724373576,0.2791523406608833,0.14287723453481443,3,15,60.0
noSBA_noNAI,- NAI,-3.6605922551252847,0.28039261123315534,0.14168631675004123,3,15,60.0
noSBA_noNAI,- NAI,-3.651480637813212,0.2816008968709538,0.14039858690729143,3,15,60.0
noSBA_noNAI,- NAI,-3.642369020501139,0.2827786701605858,0.13901748687376164,3,15,60.0
noSBA_noNAI,- NAI,-3.633257403189066,0.28392742811306776,0.13754667902791307,3,15,60.0
noSBA_noNAI,- NAI,-3.624145785876993,0.2850486825610812,0.13599003033270948,3,15,60.0
noSBA_noNAI,- NAI,-3.6150341685649203,0.28614395041706336,0.1343515958214133,3,15,60.0
noSBA_noNAI,- NAI,-3.6059225512528474,0.287214743845458,0.13263560160779614,3,15,60.0
noSBA_noNAI,- NAI,-3.5968109339407746,0.28826256040336135,0.13084642753477632,3,15,60.0
noSBA_noNAI,- NAI,-3.5876993166287017,0.28928887320470487,0.12898858957666567,3,15,60.0
noSBA_noNAI,- NAI,-3.578587699316629,0.2902951211637205,0.12706672211037476,3,15,60.0
noSBA_noNAI,- NAI,-3.569476082004556,0.2912826993737207,0.12508556017001418,3,15,60.0
noSBA_noNAI,- NAI,-3.560364464692483,0.29225294967718574,0.12304992179729318,3,15,60.0
noSBA_noNAI,- NAI,-3.55125284738041,0.29320715148278637,0.1209646905969225,3,15,60.0
noSBA_noNAI,- NAI,-3.5421412300683373,0.2941465128842719,0.11883479860182404,3,15,60.0
noSBA_noNAI,- NAI,-3.5330296127562644,0.29507216213511983,0.11666520954730863,3,15,60.0
noSBA_noNAI,- NAI,-3.5239179954441915,0.29598513953148714,0.11446090264648143,3,15,60.0
noSBA_noNAI,- NAI,-3.5148063781321186,0.2968863897543033,0.11222685695094664,3,15,60.0
noSBA_noNAI,- NAI,-3.5056947608200457,0.29777675471933923,0.10996803637141031,3,15,60.0
noSBA_noNAI,- NAI,-3.496583143507973,0.29865696698174665,0.1076893754220159,3,15,60.0
noSBA_noNAI,- NAI,-3.4874715261959,0.29952764373893315,0.10539576574021728,3,15,60.0
noSBA_noNAI,- NAI,-3.478359908883827,0.30038928147269967,0.10309204342072154,3,15,60.0
noSBA_noNAI,- NAI,-3.4692482915717537,0.3012422512683581,0.10078297718758025,3,15,60.0
noSBA_noNAI,- NAI,-3.4601366742596813,0.30208679484506856,0.09847325741294867,3,15,60.0
noSBA_noNAI,- NAI,-3.451025056947608,0.30292302132791105,0.09616748597446306,3,15,60.0
noSBA_noNAI,- NAI,-3.4419134396355355,0.30375090478825345,0.09387016692578368,3,15,60.0
noSBA_noNAI,- NAI,-3.432801822323462,0.30457028257482727,0.09158569793675803,3,15,60.0
noSBA_noNAI,- NAI,-3.4236902050113898,0.30538085445357793,0.08931836244119966,3,15,60.0
noSBA_noNAI,- NAI,-3.4145785876993164,0.3061821825698678,0.08707232241168342,3,15,60.0
noSBA_noNAI,- NAI,-3.405466970387244,0.30697369224198157,0.08485161166255373,3,15,60.0
noSBA_noNAI,- NAI,-3.3963553530751707,0.30775467359016456,0.08266012956493282,3,15,60.0
noSBA_noNAI,- NAI,-3.3872437357630982,0.3085242840006161,0.08050163504165209,3,15,60.0
noSBA_noNAI,- NAI,-3.378132118451025,0.309281551419028,0.07837974069641639,3,15,60.0
noSBA_noNAI,- NAI,-3.3690205011389525,0.3100253784633933,0.07629790692116083,3,15,60.0
noSBA_noNAI,- NAI,-3.359908883826879,0.3107545473409852,0.07425943581954013,3,15,60.0
noSBA_noNAI,- NAI,-3.3507972665148067,0.3114677255496063,0.07226746478411682,3,15,60.0
noSBA_noNAI,- NAI,-3.3416856492027334,0.31216347233851577,0.07032495957146712,3,15,60.0
noSBA_noNAI,- NAI,-3.332574031890661,0.3128402458998387,0.06843470673464244,3,15,60.0
noSBA_noNAI,- NAI,-3.3234624145785876,0.31349641125681726,0.06659930529767238,3,15,60.0
noSBA_noNAI,- NAI,-3.314350797266515,0.3141302488109826,0.06482115759348739,3,15,60.0
noSBA_noNAI,- NAI,-3.305239179954442,0.3147399635062553,0.06310245923579218,3,15,60.0
noSBA_noNAI,- NAI,-3.2961275626423694,0.3153236945641314,0.06144518825757962,3,15,60.0
noSBA_noNAI,- NAI,-3.287015945330296,0.3158795257405285,0.05985109352380315,3,15,60.0
noSBA_noNAI,- NAI,-3.2779043280182236,0.31640549605155305,0.058321682611824965,3,15,60.0
noSBA_noNAI,- NAI,-3.2687927107061503,0.31689961091245494,0.05685820944776588,3,15,60.0
noSBA_noNAI,- NAI,-3.259681093394078,0.3173598536313478,0.05546166208539702,3,15,60.0
noSBA_noNAI,- NAI,-3.2505694760820045,0.3177841971969532,0.054132751110593846,3,15,60.0
noSBA_noNAI,- NAI,-3.2414578587699316,0.3181706162976421,0.052871899240920346,3,15,60.0
noSBA_noNAI,- NAI,-3.2323462414578588,0.31851709950745866,0.05167923275781888,3,15,60.0
noSBA_noNAI,- NAI,-3.223234624145786,0.318821661573594,0.05055457544881807,3,15,60.0
noSBA_noNAI,- NAI,-3.214123006833713,0.31908235573896077,0.04949744574042769,3,15,60.0
noSBA_noNAI,- NAI,-3.20501138952164,0.31929728603310076,0.04850705766197189,3,15,60.0
noSBA_noNAI,- NAI,-3.1958997722095672,0.31946461946464216,0.047582326192582916,3,15,60.0
noSBA_noNAI,- NAI,-3.1867881548974943,0.3195825980489072,0.04672187740814185,3,15,60.0
noSBA_noNAI,- NAI,-3.1776765375854215,0.3196495506050581,0.04592406366715734,3,15,60.0
noSBA_noNAI,- NAI,-3.1685649202733486,0.3196639042583436,0.04518698386443391,3,15,60.0
noSBA_noNAI,- NAI,-3.1594533029612757,0.3196241955845751,0.04450850855321417,3,15,60.0
noSBA_noNAI,- NAI,-3.150341685649203,0.3195290813358888,0.04388630950749779,3,15,60.0
noSBA_noNAI,- NAI,-3.14123006833713,0.31937734868915296,0.04331789308468317,3,15,60.0
noSBA_noNAI,- NAI,-3.132118451025057,0.3191679249610038,0.042800636571492294,3,15,60.0
noSBA_noNAI,- NAI,-3.123006833712984,0.31889988673646164,0.04233182656696652,3,15,60.0
noSBA_noNAI,- NAI,-3.1138952164009113,0.31857246836132885,0.04190869838385723,3,15,60.0
noSBA_noNAI,- NAI,-3.1047835990888384,0.3181850697521185,0.041528475436870056,3,15,60.0
noSBA_noNAI,- NAI,-3.0956719817767655,0.3177372634810504,0.04118840763005035,3,15,60.0
noSBA_noNAI,- NAI,-3.0865603644646926,0.317228801097673,0.04088580784827277,3,15,60.0
noSBA_noNAI,- NAI,-3.0774487471526197,0.3166596186528891,0.04061808578788958,3,15,60.0
noSBA_noNAI,- NAI,-3.068337129840547,0.3160298413955609,0.04038277851583853,3,15,60.0
noSBA_noNAI,- NAI,-3.059225512528474,0.31533978761639586,0.04017757731144724,3,15,60.0
noSBA_noNAI,- NAI,-3.050113895216401,0.31458997161846974,0.04000035050865113,3,15,60.0
noSBA_noNAI,- NAI,-3.041002277904328,0.3137811057984683,0.0398491622084139,3,15,60.0
noSBA_noNAI,- NAI,-3.0318906605922553,0.31291410182750995,0.03972228686468119,3,15,60.0
noSBA_noNAI,- NAI,-3.0227790432801824,0.31199007092521386,0.03961821985793237,3,15,60.0
noSBA_noNAI,- NAI,-3.0136674259681095,0.31101032322547423,0.039535684256683544,3,15,60.0
noSBA_noNAI,- NAI,-3.004555808656036,0.3099763662371556,0.039473634029589866,3,15,60.0
noSBA_noNAI,- NAI,-2.995444191343964,0.30888990240761816,0.03943125401117816,3,15,60.0
noSBA_noNAI,- NAI,-2.986332574031891,0.30775282580157887,0.03940795694571922,3,15,60.0
noSBA_noNAI,- NAI,-2.977220956719818,0.3065672179122981,0.03940337793984236,3,15,60.0
noSBA_noNAI,- NAI,-2.968109339407745,0.3053353426264169,0.03941736664879105,3,15,60.0
noSBA_noNAI,- NAI,-2.9589977220956722,0.30405964036794114,0.03944997750706148,3,15,60.0
noSBA_noNAI,- NAI,-2.9498861047835994,0.3027427214508567,0.03950145829453742,3,15,60.0
noSBA_noNAI,- NAI,-2.9407744874715265,0.3013873586736297,0.039572237306552877,3,15,60.0
noSBA_noNAI,- NAI,-2.9316628701594536,0.2999964791924071,0.03966290937256623,3,15,60.0
noSBA_noNAI,- NAI,-2.9225512528473807,0.2985731557130335,0.03977422094468474,3,15,60.0
noSBA_noNAI,- NAI,-2.913439635535308,0.29712059704506283,0.03990705445517443,3,15,60.0
noSBA_noNAI,- NAI,-2.904328018223235,0.29564213806372913,0.040062412121897914,3,15,60.0
noSBA_noNAI,- NAI,-2.8952164009111616,0.2941412291283509,0.04024139936262667,3,15,60.0
noSBA_noNAI,- NAI,-2.8861047835990887,0.2926214250078689,0.040445207963440775,3,15,60.0
noSBA_noNAI,- NAI,-2.876993166287016,0.2910863733661533,0.040675099132803996,3,15,60.0
noSBA_noNAI,- NAI,-2.867881548974943,0.2895398028613502,0.040932386561126334,3,15,60.0
noSBA_noNAI,- NAI,-2.85876993166287,0.2879855109148784,0.04121841959538986,3,15,60.0
noSBA_noNAI,- NAI,-2.849658314350797,0.28642735120672586,0.04153456662932315,3,15,60.0
noSBA_noNAI,- NAI,-2.8405466970387243,0.2848692209544374,0.0418821988013314,3,15,60.0
noSBA_noNAI,- NAI,-2.8314350797266514,0.2833150480336298,0.04226267408459086,3,15,60.0
noSBA_noNAI,- NAI,-2.8223234624145785,0.28176877799802563,0.04267732184612485,3,15,60.0
noSBA_noNAI,- NAI,-2.8132118451025057,0.28023436105686395,0.043127427944117364,3,15,60.0
noSBA_noNAI,- NAI,-2.8041002277904328,0.2787157390671367,0.043614220425057366,3,15,60.0
noSBA_noNAI,- NAI,-2.79498861047836,0.27721683259741625,0.044138855874538356,3,15,60.0
noSBA_noNAI,- NAI,-2.785876993166287,0.2757415281190996,0.04470240646768646,3,15,60.0
noSBA_noNAI,- NAI,-2.776765375854214,0.274293665379696,0.04530584775739344,3,15,60.0
noSBA_noNAI,- NAI,-2.7676537585421412,0.27287702501135636,0.04595004723092378,3,15,60.0
noSBA_noNAI,- NAI,-2.7585421412300684,0.2714953164261759,0.04663575365824633,3,15,60.0
noSBA_noNAI,- NAI,-2.7494305239179955,0.2701521660479288,0.04736358724877655,3,15,60.0
noSBA_noNAI,- NAI,-2.7403189066059226,0.268851105927812,0.04813403062727174,3,15,60.0
noSBA_noNAI,- NAI,-2.7312072892938497,0.26759556278951185,0.048947420634521184,3,15,60.0
noSBA_noNAI,- NAI,-2.722095671981777,0.26638884754646547,0.04980394095427585,3,15,60.0
noSBA_noNAI,- NAI,-2.712984054669704,0.265234145331591,0.050703615564589084,3,15,60.0
noSBA_noNAI,- NAI,-2.703872437357631,0.26413450607701777,0.051646303009342864,3,15,60.0
noSBA_noNAI,- NAI,-2.694760820045558,0.26309283567847547,0.05263169148411633,3,15,60.0
noSBA_noNAI,- NAI,-2.6856492027334853,0.2621118877760164,0.05365929472959241,3,15,60.0
noSBA_noNAI,- NAI,-2.6765375854214124,0.26119425617965575,0.05472844872521532,3,15,60.0
noSBA_noNAI,- NAI,-2.6674259681093395,0.26034236796535154,0.05583830917567531,3,15,60.0
noSBA_noNAI,- NAI,-2.6583143507972666,0.2595584772635004,0.05698784978279315,3,15,60.0
noSBA_noNAI,- NAI,-2.6492027334851938,0.25884465975883547,0.058175861295409144,3,15,60.0
noSBA_noNAI,- NAI,-2.640091116173121,0.2582028079172769,0.05940095132978689,3,15,60.0
noSBA_noNAI,- NAI,-2.630979498861048,0.2576346269519263,0.060661544952746435,3,15,60.0
noSBA_noNAI,- NAI,-2.621867881548975,0.2571416315370189,0.06195588601917589,3,15,60.0
noSBA_noNAI,- NAI,-2.612756264236902,0.25672514327527945,0.0632820392547054,3,15,60.0
noSBA_noNAI,- NAI,-2.6036446469248293,0.25638628892076515,0.06463789307316253,3,15,60.0
noSBA_noNAI,- NAI,-2.5945330296127564,0.2561259993559467,0.06602116311697444,3,15,60.0
noSBA_noNAI,- NAI,-2.5854214123006836,0.25594500931848496,0.06742939650699466,3,15,60.0
noSBA_noNAI,- NAI,-2.5763097949886107,0.25584385786991304,0.06885997678634177,3,15,60.0
noSBA_noNAI,- NAI,-2.567198177676538,0.2558228895952551,0.07031012954082047,3,15,60.0
noSBA_noNAI,- NAI,-2.558086560364465,0.25588225651949453,0.07177692867639468,3,15,60.0
noSBA_noNAI,- NAI,-2.548974943052392,0.25602192072378344,0.07325730333207596,3,15,60.0
noSBA_noNAI,- NAI,-2.539863325740319,0.2562416576413402,0.07474804540450879,3,15,60.0
noSBA_noNAI,- NAI,-2.5307517084282463,0.2565410600101522,0.07624581765855049,3,15,60.0
noSBA_noNAI,- NAI,-2.5216400911161734,0.25691954245687504,0.0777471623962829,3,15,60.0
noSBA_noNAI,- NAI,-2.5125284738041005,0.25737634668371095,0.07924851065518797,3,15,60.0
noSBA_noNAI,- NAI,-2.5034168564920276,0.25791054722757806,0.08074619190471646,3,15,60.0
noSBA_noNAI,- NAI,-2.4943052391799547,0.25852105775853357,0.08223644420917209,3,15,60.0
noSBA_noNAI,- NAI,-2.485193621867882,0.25920663788221754,0.08371542482375277,3,15,60.0
noSBA_noNAI,- NAI,-2.476082004555809,0.2599659004090378,0.085179221189753,3,15,60.0
noSBA_noNAI,- NAI,-2.466970387243736,0.2607973190509199,0.08662386229432222,3,15,60.0
noSBA_noNAI,- NAI,-2.457858769931663,0.26169923650472293,0.08804533035981399,3,15,60.0
noSBA_noNAI,- NAI,-2.4487471526195903,0.2626698728798615,0.08943957282765715,3,15,60.0
noSBA_noNAI,- NAI,-2.4396355353075174,0.2637073344262953,0.09080251460181211,3,15,60.0
noSBA_noNAI,- NAI,-2.430523917995444,0.2648096225178494,0.09213007051728163,3,15,60.0
noSBA_noNAI,- NAI,-2.421412300683371,0.2659746428448137,0.09341815799979207,3,15,60.0
noSBA_noNAI,- NAI,-2.4123006833712983,0.2672002147689588,0.09466270988369674,3,15,60.0
noSBA_noNAI,- NAI,-2.4031890660592254,0.2684840807934813,0.09585968735634533,3,15,60.0
noSBA_noNAI,- NAI,-2.3940774487471526,0.26982391609997736,0.09700509299866837,3,15,60.0
noSBA_noNAI,- NAI,-2.3849658314350797,0.2712173381043353,0.09809498389352861,3,15,60.0
noSBA_noNAI,- NAI,-2.375854214123007,0.2726619159834423,0.0991254847755369,3,15,60.0
noSBA_noNAI,- NAI,-2.366742596810934,0.2741551801248175,0.10009280119853758,3,15,60.0
noSBA_noNAI,- NAI,-2.357630979498861,0.2756946314517223,0.1009932326998811,3,15,60.0
noSBA_noNAI,- NAI,-2.348519362186788,0.2772777505769601,0.1018231859439608,3,15,60.0
noSBA_noNAI,- NAI,-2.3394077448747153,0.27890200673945637,0.10257918783134923,3,15,60.0
noSBA_noNAI,- NAI,-2.3302961275626424,0.280564866478822,0.10325789856429622,3,15,60.0
noSBA_noNAI,- NAI,-2.3211845102505695,0.2822638020044357,0.10385612466442128,3,15,60.0
noSBA_noNAI,- NAI,-2.3120728929384966,0.28399629921713815,0.10437083194423104,3,15,60.0
noSBA_noNAI,- NAI,-2.3029612756264237,0.2857598653434193,0.10479915844073855,3,15,60.0
noSBA_noNAI,- NAI,-2.293849658314351,0.28755203614398167,0.10513842732707175,3,15,60.0
noSBA_noNAI,- NAI,-2.284738041002278,0.2893703826607915,0.10538615982668587,3,15,60.0
noSBA_noNAI,- NAI,-2.275626423690205,0.2912125174691682,0.10554008816481973,3,15,60.0
noSBA_noNAI,- NAI,-2.266514806378132,0.29307610040410903,0.10559816860335544,3,15,60.0
noSBA_noNAI,- NAI,-2.2574031890660593,0.2949588437329021,0.10555859461851705,3,15,60.0
noSBA_noNAI,- NAI,-2.2482915717539864,0.2968585167491145,0.10541981029613395,3,15,60.0
noSBA_noNAI,- NAI,-2.2391799544419135,0.29877294976627566,0.10518052403686354,3,15,60.0
noSBA_noNAI,- NAI,-2.2300683371298406,0.3007000374929644,0.10483972268417664,3,15,60.0
noSBA_noNAI,- NAI,-2.2209567198177678,0.3026377417745644,0.10439668621152103,3,15,60.0
noSBA_noNAI,- NAI,-2.211845102505695,0.30458409369064343,0.10385100313240053,3,15,60.0
noSBA_noNAI,- NAI,-2.202733485193622,0.30653719500073034,0.10320258682871683,3,15,60.0
noSBA_noNAI,- NAI,-2.193621867881549,0.3084952189351874,0.10245169302926754,3,15,60.0
noSBA_noNAI,- NAI,-2.1845102505694762,0.3104564103318794,0.1015989387124556,3,15,60.0
noSBA_noNAI,- NAI,-2.1753986332574033,0.312419085123423,0.1006453227557854,3,15,60.0
noSBA_noNAI,- NAI,-2.1662870159453305,0.3143816291839047,0.09959224871025586,3,15,60.0
noSBA_noNAI,- NAI,-2.1571753986332576,0.31634249654808166,0.09844155014090192,3,15,60.0
noSBA_noNAI,- NAI,-2.1480637813211847,0.31830020702020895,0.09719551904579551,3,15,60.0
noSBA_noNAI,- NAI,-2.138952164009112,0.3202533431937052,0.0958569379445752,3,15,60.0
noSBA_noNAI,- NAI,-2.129840546697039,0.3222005469068927,0.09442911631299021,3,15,60.0
noSBA_noNAI,- NAI,-2.120728929384966,0.3241405151639626,0.09291593212950174,3,15,60.0
noSBA_noNAI,- NAI,-2.111617312072893,0.326071995554123,0.0913218793889021,3,15,60.0
noSBA_noNAI,- NAI,-2.1025056947608203,0.3279937812055285,0.08965212251784119,3,15,60.0
noSBA_noNAI,- NAI,-2.0933940774487474,0.3299047053140582,0.08791255868437936,3,15,60.0
noSBA_noNAI,- NAI,-2.0842824601366745,0.33180363529026674,0.08610988900650664,3,15,60.0
noSBA_noNAI,- NAI,-2.0751708428246016,0.33368946657084986,0.08425169959970288,3,15,60.0
noSBA_noNAI,- NAI,-2.0660592255125287,0.3355611161437211,0.08234655321139,3,15,60.0
noSBA_noNAI,- NAI,-2.056947608200456,0.3374175158382566,0.08040409179850136,3,15,60.0
noSBA_noNAI,- NAI,-2.047835990888383,0.339257605434412,0.07843514971194342,3,15,60.0
noSBA_noNAI,- NAI,-2.03872437357631,0.34108032564622864,0.07645187602108758,3,15,60.0
noSBA_noNAI,- NAI,-2.029612756264237,0.34288461103668694,0.0744678627657178,3,15,60.0
noSBA_noNAI,- NAI,-2.0205011389521643,0.344669382921947,0.07249827335096048,3,15,60.0
noSBA_noNAI,- NAI,-2.0113895216400914,0.3464335423236933,0.07055996168133843,3,15,60.0
noSBA_noNAI,- NAI,-2.0022779043280186,0.3481759630285744,0.06867156779029433,3,15,60.0
noSBA_noNAI,- NAI,-1.9931662870159457,0.3498954848135954,0.06685356965107354,3,15,60.0
noSBA_noNAI,- NAI,-1.9840546697038728,0.35159090689575384,0.06512826389656895,3,15,60.0
noSBA_noNAI,- NAI,-1.9749430523918,0.3532609816632372,0.0635196412961701,3,15,60.0
noSBA_noNAI,- NAI,-1.9658314350797266,0.3549044087440832,0.06205311793048673,3,15,60.0
noSBA_noNAI,- NAI,-1.9567198177676537,0.3565198294663899,0.060755083079147475,3,15,60.0
noSBA_noNAI,- NAI,-1.9476082004555808,0.358105821761921,0.05965223380223167,3,15,60.0
noSBA_noNAI,- NAI,-1.938496583143508,0.3596608955623228,0.05877068785600759,3,15,60.0
noSBA_noNAI,- NAI,-1.929384965831435,0.361183488734148,0.0581349025850059,3,15,60.0
noSBA_noNAI,- NAI,-1.9202733485193622,0.3626719635955023,0.057766474511820466,3,15,60.0
noSBA_noNAI,- NAI,-1.9111617312072893,0.36412460405340247,0.05768294228397066,3,15,60.0
noSBA_noNAI,- NAI,-1.9020501138952164,0.3655396133968927,0.05789674818895688,3,15,60.0
noSBA_noNAI,- NAI,-1.8929384965831435,0.36691511277663363,0.05841451388279185,3,15,60.0
noSBA_noNAI,- NAI,-1.8838268792710706,0.368249140397088,0.059236745895135556,3,15,60.0
noSBA_noNAI,- NAI,-1.8747152619589977,0.36953965144261414,0.0603580128336621,3,15,60.0
noSBA_noNAI,- NAI,-1.8656036446469249,0.3707845187537737,0.06176755072140382,3,15,60.0
noSBA_noNAI,- NAI,-1.856492027334852,0.37198153426500674,0.06345018254235786,3,15,60.0
noSBA_noNAI,- NAI,-1.847380410022779,0.37312841120956497,0.06538740232512048,3,15,60.0
noSBA_noNAI,- NAI,-1.8382687927107062,0.37422278709225454,0.06755847715797644,3,15,60.0
noSBA_noNAI,- NAI,-1.8291571753986333,0.3752622274251758,0.06994145256158392,3,15,60.0
noSBA_noNAI,- NAI,-1.8200455580865604,0.3762442302162919,0.07251399138159893,3,15,60.0
noSBA_noNAI,- NAI,-1.8109339407744875,0.37716623119536,0.07525401917721261,3,15,60.0
noSBA_noNAI,- NAI,-1.8018223234624147,0.37802560975654703,0.07814018136480227,3,15,60.0
noSBA_noNAI,- NAI,-1.7927107061503418,0.3788196955919841,0.08115213675739742,3,15,60.0
noSBA_noNAI,- NAI,-1.783599088838269,0.3795457759856102,0.08427072037001623,3,15,60.0
noSBA_noNAI,- NAI,-1.774487471526196,0.38020110373196836,0.08747800885937271,3,15,60.0
noSBA_noNAI,- NAI,-1.7653758542141231,0.3807829056401774,0.09075731812187861,3,15,60.0
noSBA_noNAI,- NAI,-1.7562642369020502,0.3812883915791307,0.09409315695455492,3,15,60.0
noSBA_noNAI,- NAI,-1.7471526195899774,0.38171476401612875,0.09747115490107289,3,15,60.0
noSBA_noNAI,- NAI,-1.7380410022779045,0.3820592279976265,0.10087797729158213,3,15,60.0
noSBA_noNAI,- NAI,-1.7289293849658316,0.38231900151762876,0.10430123635039998,3,15,60.0
noSBA_noNAI,- NAI,-1.7198177676537587,0.38249132621648946,0.10772940410297745,3,15,60.0
noSBA_noNAI,- NAI,-1.7107061503416858,0.3825734783505048,0.11115173053575576,3,15,60.0
noSBA_noNAI,- NAI,-1.701594533029613,0.38256277997073257,0.11455816887695466,3,15,60.0
noSBA_noNAI,- NAI,-1.69248291571754,0.382456610247945,0.11793930880427414,3,15,60.0
noSBA_noNAI,- NAI,-1.6833712984054672,0.382252416879526,0.12128631770296276,3,15,60.0
noSBA_noNAI,- NAI,-1.6742596810933943,0.3819477275134691,0.12459088968117868,3,15,60.0
noSBA_noNAI,- NAI,-1.6651480637813214,0.38154016112441164,0.1278452018138705,3,15,60.0
noSBA_noNAI,- NAI,-1.6560364464692485,0.3810274392768556,0.13104187697000197,3,15,60.0
noSBA_noNAI,- NAI,-1.6469248291571756,0.3804073972113678,0.13417395253761621,3,15,60.0
noSBA_noNAI,- NAI,-1.6378132118451028,0.37967799469060703,0.13723485436743263,3,15,60.0
noSBA_noNAI,- NAI,-1.6287015945330299,0.37883732654348884,0.1402183752885748,3,15,60.0
noSBA_noNAI,- NAI,-1.619589977220957,0.3778836328476454,0.14311865759676848,3,15,60.0
noSBA_noNAI,- NAI,-1.610478359908884,0.37681530869255164,0.14593017896772878,3,15,60.0
noSBA_noNAI,- NAI,-1.6013667425968112,0.3756309134682552,0.1486477413014804,3,15,60.0
noSBA_noNAI,- NAI,-1.5922551252847383,0.3743291796275276,0.15126646205417818,3,15,60.0
noSBA_noNAI,- NAI,-1.5831435079726655,0.37290902087244254,0.15378176766106713,3,15,60.0
noSBA_noNAI,- NAI,-1.5740318906605926,0.37136953971983866,0.1561893886969442,3,15,60.0
noSBA_noNAI,- NAI,-1.5649202733485197,0.3697100344038213,0.15848535645871908,3,15,60.0
noSBA_noNAI,- NAI,-1.5558086560364468,0.3679300050773704,0.16066600068864037,3,15,60.0
noSBA_noNAI,- NAI,-1.546697038724374,0.3660291592792155,0.16272794818680392,3,15,60.0
noSBA_noNAI,- NAI,-1.537585421412301,0.3640074166363834,0.16466812208814166,3,15,60.0
noSBA_noNAI,- NAI,-1.5284738041002282,0.3618649127772005,0.16648374160265753,3,15,60.0
noSBA_noNAI,- NAI,-1.5193621867881553,0.3596020024339864,0.16817232203865828,3,15,60.0
noSBA_noNAI,- NAI,-1.5102505694760824,0.357219261719204,0.16973167494754846,3,15,60.0
noSBA_noNAI,- NAI,-1.501138952164009,0.354717489563388,0.17115990824576285,3,15,60.0
noSBA_noNAI,- NAI,-1.4920273348519362,0.35209770830772613,0.1724554261849087,3,15,60.0
noSBA_noNAI,- NAI,-1.4829157175398633,0.3493611634487066,0.1736169290554864,3,15,60.0
noSBA_noNAI,- NAI,-1.4738041002277904,0.3465093225367249,0.1746434125228163,3,15,60.0
noSBA_noNAI,- NAI,-1.4646924829157175,0.34354387323494495,0.17553416650626844,3,15,60.0
noSBA_noNAI,- NAI,-1.4555808656036446,0.3404667205490099,0.17628877352467548,3,15,60.0
noSBA_noNAI,- NAI,-1.4464692482915718,0.33727998324237535,0.17690710644203528,3,15,60.0
noSBA_noNAI,- NAI,-1.4373576309794989,0.33398598945606395,0.17738932555838458,3,15,60.0
noSBA_noNAI,- NAI,-1.428246013667426,0.33058727155549994,0.17773587500107446,3,15,60.0
noSBA_noNAI,- NAI,-1.419134396355353,0.32708656023076305,0.1779474783816901,3,15,60.0
noSBA_noNAI,- NAI,-1.4100227790432802,0.3234867778800697,0.17802513369351775,3,15,60.0
noSBA_noNAI,- NAI,-1.4009111617312073,0.3197910313095541,0.17797010743380454,3,15,60.0
noSBA_noNAI,- NAI,-1.3917995444191344,0.31600260378544326,0.17778392794407355,3,15,60.0
noSBA_noNAI,- NAI,-1.3826879271070616,0.31212494647751265,0.1774683779704336,3,15,60.0
noSBA_noNAI,- NAI,-1.3735763097949887,0.3081616693352439,0.1770254864541416,3,15,60.0
noSBA_noNAI,- NAI,-1.3644646924829158,0.3041165314403817,0.17645751957061737,3,15,60.0
noSBA_noNAI,- NAI,-1.355353075170843,0.29999343088160235,0.17576697104263486,3,15,60.0
noSBA_noNAI,- NAI,-1.34624145785877,0.29579639419874254,0.1749565517604947,3,15,60.0
noSBA_noNAI,- NAI,-1.3371298405466971,0.2915295654455088,0.1740291787485953,3,15,60.0
noSBA_noNAI,- NAI,-1.3280182232346243,0.28719719492077306,0.17298796352390738,3,15,60.0
noSBA_noNAI,- NAI,-1.3189066059225514,0.282803627619479,0.1718361998974185,3,15,60.0
noSBA_noNAI,- NAI,-1.3097949886104785,0.2783532914548135,0.1705773512745868,3,15,60.0
noSBA_noNAI,- NAI,-1.3006833712984056,0.27385068530366813,0.16921503751523026,3,15,60.0
noSBA_noNAI,- NAI,-1.2915717539863327,0.26930036692749904,0.16775302141702747,3,15,60.0
noSBA_noNAI,- NAI,-1.2824601366742598,0.26470694082052576,0.16619519488992204,3,15,60.0
noSBA_noNAI,- NAI,-1.273348519362187,0.26007504603676607,0.1645455648911681,3,15,60.0
noSBA_noNAI,- NAI,-1.264236902050114,0.2554093440467182,0.16280823919254184,3,15,60.0
noSBA_noNAI,- NAI,-1.2551252847380412,0.25071450667356215,0.1609874120523448,3,15,60.0
noSBA_noNAI,- NAI,-1.2460136674259683,0.24599520415757659,0.15908734986525946,3,15,60.0
noSBA_noNAI,- NAI,-1.2369020501138954,0.24125609339606416,0.1571123768628807,3,15,60.0
noSBA_noNAI,- NAI,-1.2277904328018225,0.23650180640445975,0.15506686093685768,3,15,60.0
noSBA_noNAI,- NAI,-1.2186788154897497,0.2317369390424667,0.1529551996550495,3,15,60.0
noSBA_noNAI,- NAI,-1.2095671981776768,0.2269660400470482,0.15078180653896286,3,15,60.0
noSBA_noNAI,- NAI,-1.2004555808656039,0.22219360041190428,0.1485510976680111,3,15,60.0
noSBA_noNAI,- NAI,-1.191343963553531,0.21742404315069583,0.1462674786728693,3,15,60.0
noSBA_noNAI,- NAI,-1.1822323462414581,0.21266171347876417,0.14393533217641613,3,15,60.0
noSBA_noNAI,- NAI,-1.1731207289293852,0.20791086944544382,0.14155900573651842,3,15,60.0
noSBA_noNAI,- NAI,-1.1640091116173124,0.20317567304629355,0.1391428003402589,3,15,60.0
noSBA_noNAI,- NAI,-1.1548974943052395,0.1984601818416992,0.13669095949419638,3,15,60.0
noSBA_noNAI,- NAI,-1.1457858769931666,0.1937683411053419,0.13420765894993567,3,15,60.0
noSBA_noNAI,- NAI,-1.1366742596810937,0.1891039765229967,0.13169699709872526,3,15,60.0
noSBA_noNAI,- NAI,-1.1275626423690208,0.18447078745904907,0.129162986063066,3,15,60.0
noSBA_noNAI,- NAI,-1.118451025056948,0.1798723408050058,0.1266095435074585,3,15,60.0
noSBA_noNAI,- NAI,-1.109339407744875,0.17531206542114655,0.1240404851845051,3,15,60.0
noSBA_noNAI,- NAI,-1.1002277904328022,0.17079324717934416,0.12145951822668712,3,15,60.0
noSBA_noNAI,- NAI,-1.0911161731207293,0.1663190246119727,0.11887023518830951,3,15,60.0
noSBA_noNAI,- NAI,-1.0820045558086564,0.1618923851687624,0.11627610883641282,3,15,60.0
noSBA_noNAI,- NAI,-1.0728929384965835,0.1575161620804482,0.11368048768395651,3,15,60.0
noSBA_noNAI,- NAI,-1.0637813211845106,0.1531930318251237,0.11108659225332684,3,15,60.0
noSBA_noNAI,- NAI,-1.0546697038724377,0.14892551219036218,0.10849751205327612,3,15,60.0
noSBA_noNAI,- NAI,-1.0455580865603649,0.14471596092142494,0.10591620324780421,3,15,60.0
noSBA_noNAI,- NAI,-1.036446469248292,0.14056657494324917,0.10334548699128332,3,15,60.0
noSBA_noNAI,- NAI,-1.0273348519362187,0.13647939014141702,0.10078804840035177,3,15,60.0
noSBA_noNAI,- NAI,-1.0182232346241458,0.13245628168496157,0.09824643612978003,3,15,60.0
noSBA_noNAI,- NAI,-1.0091116173120729,0.12849896487167298,0.09572306251667288,3,15,60.0
noSBA_noNAI,- NAI,-1.0,0.12460899647455094,0.09322020425503011,3,15,60.0
