biological_replicate,condition,x,y,frame,quality,particle,movie,x_um,y_um,time_s,track_uid,movie_uid,global_track_uid,candidate_uid,source_kind,panel_a_tracklet_id,panel_a_n_steps,panel_a_final_parallel_L,panel_a_final_transverse_L,panel_a_final_alignment,panel_a_median_local_receptor_contrast_percent,panel_a_cutoff_percent,receptor_smooth,log_receptor_smooth,receptor_percentile
2025-12-03,SBA_noNAI,772.0550882184525,778.1126708279751,21,0.025981908664107323,3823,100XIAV070,100.36716146839883,101.15464720763677,42.20453191924095,100XIAV070::3823,2025-12-03::SBA_noNAI::100XIAV070,2025-12-03::SBA_noNAI::100XIAV070::100XIAV070::3823,2025-12-03::SBA_noNAI::100XIAV070::100XIAV070::3823,accepted_full_track,,,,,,,,1448.5901040101091,7.278346020321426,19.74708579682881
2025-12-03,SBA_noNAI,770.8849305977351,775.9252410811644,22,0.022615667432546616,3823,100XIAV070,100.21504097770557,100.87028134055137,44.26424896025657,100XIAV070::3823,2025-12-03::SBA_noNAI::100XIAV070,2025-12-03::SBA_noNAI::100XIAV070::100XIAV070::3823,2025-12-03::SBA_noNAI::100XIAV070::100XIAV070::3823,accepted_full_track,,,,,,,,1429.6916025818957,7.265214037465302,8.41623135581833
2025-12-03,SBA_noNAI,775.071139538688,773.1010533062389,23,0.07899756729602814,3823,100XIAV070,100.75924814002946,100.50313692981106,46.192579038381574,100XIAV070::3823,2025-12-03::SBA_noNAI::100XIAV070,2025-12-03::SBA_noNAI::100XIAV070::100XIAV070::3823,2025-12-03::SBA_noNAI::100XIAV070::100XIAV070::3823,accepted_full_track,,,,,,,,1449.1866895099079,7.278757774262973,20.25885598629401
2025-12-03,SBA_noNAI,771.0981301103702,769.0456341951897,24,0.08325644582509995,3823,100XIAV070,100.24275691434813,99.97593244537467,48.19249505400658,100XIAV070::3823,2025-12-03::SBA_noNAI::100XIAV070,2025-12-03::SBA_noNAI::100XIAV070::100XIAV070::3823,2025-12-03::SBA_noNAI::100XIAV070::100XIAV070::3823,accepted_full_track,,,,,,,,1434.5244464302523,7.268588677054009,10.4593229306638
2025-12-03,SBA_noNAI,770.9383302782508,769.9676508264912,25,0.04543539509177208,3823,100XIAV070,100.22198293617261,100.09579460744386,50.1508829934597,100XIAV070::3823,2025-12-03::SBA_noNAI::100XIAV070,2025-12-03::SBA_noNAI::100XIAV070::100XIAV070::3823,2025-12-03::SBA_noNAI::100XIAV070::100XIAV070::3823,accepted_full_track,,,,,,,,1433.3541211671402,7.26777251604824,9.918788632088148
2025-12-03,SBA_noNAI,769.9562190907752,771.9417942648574,26,0.07167080044746399,3823,100XIAV070,100.09430848180078,100.35243325443147,52.150724057912825,100XIAV070::3823,2025-12-03::SBA_noNAI::100XIAV070,2025-12-03::SBA_noNAI::100XIAV070::100XIAV070::3823,2025-12-03::SBA_noNAI::100XIAV070::100XIAV070::3823,accepted_full_track,,,,,,,,1426.1847215909331,7.262758130867444,7.22283576323569
2025-12-03,SBA_noNAI,767.0488262550393,771.9178466402811,27,0.03376441076397896,3823,100XIAV070,99.71634741315512,100.34932006323655,54.2207160012722,100XIAV070::3823,2025-12-03::SBA_noNAI::100XIAV070,2025-12-03::SBA_noNAI::100XIAV070::100XIAV070::3823,2025-12-03::SBA_noNAI::100XIAV070::100XIAV070::3823,accepted_full_track,,,,,,,,1424.7494317564824,7.261751239877677,6.781926061542596
2025-12-03,SBA_noNAI,764.9616619434446,769.9719105132696,28,0.04052473604679108,3823,100XIAV070,99.4450160526478,100.09634836672505,56.15199188017845,100XIAV070::3823,2025-12-03::SBA_noNAI::100XIAV070,2025-12-03::SBA_noNAI::100XIAV070::100XIAV070::3823,2025-12-03::SBA_noNAI::100XIAV070::100XIAV070::3823,accepted_full_track,,,,,,,,1441.334175890303,7.273324474658558,14.302165916420318
2025-12-03,SBA_noNAI,764.0112742271497,764.9923712946163,29,0.040346018970012665,3823,100XIAV070,99.32146564952946,99.44900826830012,58.150396909475326,100XIAV070::3823,2025-12-03::SBA_noNAI::100XIAV070,2025-12-03::SBA_noNAI::100XIAV070::100XIAV070::3823,2025-12-03::SBA_noNAI::100XIAV070::100XIAV070::3823,accepted_full_track,,,,,,,,1446.2622713844737,7.276737763439546,17.824509540446115
2025-12-03,SBA_noNAI,766.1183581310344,765.9577164347263,30,0.08475365489721298,3823,100XIAV070,99.59538655703447,99.57450313651442,60.2207990090847,100XIAV070::3823,2025-12-03::SBA_noNAI::100XIAV070,2025-12-03::SBA_noNAI::100XIAV070::100XIAV070::3823,2025-12-03::SBA_noNAI::100XIAV070::100XIAV070::3823,accepted_full_track,,,,,,,,1437.8394207821384,7.270896863604814,12.182545014780972
2025-12-03,SBA_noNAI,768.0142657971875,762.0737046718684,31,0.03047051467001438,3823,100XIAV070,99.84185455363438,99.0695816073429,62.207157895803455,100XIAV070::3823,2025-12-03::SBA_noNAI::100XIAV070,2025-12-03::SBA_noNAI::100XIAV070::100XIAV070::3823,2025-12-03::SBA_noNAI::100XIAV070::100XIAV070::3823,accepted_full_track,,,,,,,,1430.26886176081,7.265617720798657,8.638260884170922
2025-12-03,SBA_noNAI,768.8716612700408,760.9227590354326,32,0.01763506978750229,3823,100XIAV070,99.9533159651053,98.91995867460624,64.1494728372097,100XIAV070::3823,2025-12-03::SBA_noNAI::100XIAV070,2025-12-03::SBA_noNAI::100XIAV070::100XIAV070::3823,2025-12-03::SBA_noNAI::100XIAV070::100XIAV070::3823,accepted_full_track,,,,,,,,1430.5993140996097,7.265848736224713,8.763185299650631
2025-12-03,SBA_noNAI,769.0583305890386,755.9414595790033,33,0.017418639734387398,3823,100XIAV070,99.97758297657502,98.27238974527043,66.23186395049095,100XIAV070::3823,2025-12-03::SBA_noNAI::100XIAV070,2025-12-03::SBA_noNAI::100XIAV070::100XIAV070::3823,2025-12-03::SBA_noNAI::100XIAV070::100XIAV070::3823,accepted_full_track,,,,,,,,1476.2168502105455,7.2972379118559205,50.64918704649288
2025-12-03,SBA_noNAI,767.1255068703396,760.0553880162043,34,0.07554102689027786,3823,100XIAV070,99.72631589314415,98.80720044210656,68.2187648293972,100XIAV070::3823,2025-12-03::SBA_noNAI::100XIAV070,2025-12-03::SBA_noNAI::100XIAV070::100XIAV070::3823,2025-12-03::SBA_noNAI::100XIAV070::100XIAV070::3823,accepted_full_track,,,,,,,,1445.4532717734717,7.276178234246557,17.203561710561676
2025-12-03,SBA_noNAI,767.9099361047963,760.9504865075208,35,0.029235180467367172,3823,100XIAV070,99.82829169362353,98.92356324597772,70.17788006377221,100XIAV070::3823,2025-12-03::SBA_noNAI::100XIAV070,2025-12-03::SBA_noNAI::100XIAV070::100XIAV070::3823,2025-12-03::SBA_noNAI::100XIAV070::100XIAV070::3823,accepted_full_track,,,,,,,,1435.381555756841,7.26918598536405,10.88123152378393
2025-12-03,SBA_noNAI,762.9731956954269,759.997299410521,36,0.07166554778814316,3823,100XIAV070,99.1865154404055,98.79964892336774,72.21742083525658,100XIAV070::3823,2025-12-03::SBA_noNAI::100XIAV070,2025-12-03::SBA_noNAI::100XIAV070::100XIAV070::3823,2025-12-03::SBA_noNAI::100XIAV070::100XIAV070::3823,accepted_full_track,,,,,,,,1457.515962300995,7.284488870000693,28.381042562483202
2025-12-03,SBA_noNAI,762.0993799596952,758.0874722549562,37,0.06425026804208755,3823,100XIAV070,99.07291939476038,98.55137139314431,74.14563885283471,100XIAV070::3823,2025-12-03::SBA_noNAI::100XIAV070,2025-12-03::SBA_noNAI::100XIAV070::100XIAV070::3823,2025-12-03::SBA_noNAI::100XIAV070::100XIAV070::3823,accepted_full_track,,,,,,,,1468.1817057904013,7.291779979300999,40.79642989115829
2025-12-03,SBA_noNAI,759.9022419846449,758.1104873999883,38,0.051930636167526245,3823,100XIAV070,98.78729145800384,98.55436336199848,76.26670501494408,100XIAV070::3823,2025-12-03::SBA_noNAI::100XIAV070,2025-12-03::SBA_noNAI::100XIAV070::100XIAV070::3823,2025-12-03::SBA_noNAI::100XIAV070::100XIAV070::3823,accepted_full_track,,,,,,,,1471.9884954708073,7.294369483681383,45.45432595404461
2025-12-03,SBA_noNAI,761.0027106192022,754.9556764913051,39,0.08012861758470535,3823,100XIAV070,98.93035238049629,98.14423794386967,78.1760138528347,100XIAV070::3823,2025-12-03::SBA_noNAI::100XIAV070,2025-12-03::SBA_noNAI::100XIAV070::100XIAV070::3823,2025-12-03::SBA_noNAI::100XIAV070::100XIAV070::3823,accepted_full_track,,,,,,,,1479.2993558064402,7.29932384642621,54.46358085864015
2025-12-03,SBA_noNAI,758.0831602680137,754.0481373481995,40,0.05496123433113098,3823,100XIAV070,98.55081083484178,98.02625785526594,80.21786688017845,100XIAV070::3823,2025-12-03::SBA_noNAI::100XIAV070,2025-12-03::SBA_noNAI::100XIAV070::100XIAV070::3823,2025-12-03::SBA_noNAI::100XIAV070::100XIAV070::3823,accepted_full_track,,,,,,,,1493.52269456779,7.308892833099997,70.66533273985488
2025-12-03,SBA_noNAI,754.0738558497068,750.131276966161,41,0.06378372758626938,3823,100XIAV070,98.02960126046189,97.51706600560092,82.14552605986596,100XIAV070::3823,2025-12-03::SBA_noNAI::100XIAV070,2025-12-03::SBA_noNAI::100XIAV070::100XIAV070::3823,2025-12-03::SBA_noNAI::100XIAV070::100XIAV070::3823,accepted_full_track,,,,,,,,1547.6215074686572,7.344474520034429,96.48731439801129
2025-12-03,SBA_noNAI,758.0067743946714,751.9684826720847,42,0.08808723092079163,3823,100XIAV070,98.54088067130729,97.75590274737102,84.18616595244407,100XIAV070::3823,2025-12-03::SBA_noNAI::100XIAV070,2025-12-03::SBA_noNAI::100XIAV070::100XIAV070::3823,2025-12-03::SBA_noNAI::100XIAV070::100XIAV070::3823,accepted_full_track,,,,,,,,1508.0741904609583,7.318588745276131,82.85008230314432
2025-12-03,SBA_noNAI,757.098817784863,752.922776993903,43,0.0739632099866867,3823,100XIAV070,98.42284631203219,97.87996100920739,86.31090594267845,100XIAV070::3823,2025-12-03::SBA_noNAI::100XIAV070,2025-12-03::SBA_noNAI::100XIAV070::100XIAV070::3823,2025-12-03::SBA_noNAI::100XIAV070::100XIAV070::3823,accepted_full_track,,,,,,,,1508.414314784026,7.31881425538427,83.07463131550658
2025-12-03,SBA_noNAI,758.9072055151732,753.9231522213893,44,0.04899289086461067,3823,100XIAV070,98.65793671697253,98.01000978878061,88.14525384306907,100XIAV070::3823,2025-12-03::SBA_noNAI::100XIAV070,2025-12-03::SBA_noNAI::100XIAV070::100XIAV070::3823,2025-12-03::SBA_noNAI::100XIAV070::100XIAV070::3823,accepted_full_track,,,,,,,,1488.7535058014764,7.30569447552919,65.60568395592583
2025-12-03,SBA_noNAI,758.9124145856499,755.9000369366229,45,0.06756860017776489,3823,100XIAV070,98.6586138961345,98.26700480176098,90.25395696806908,100XIAV070::3823,2025-12-03::SBA_noNAI::100XIAV070,2025-12-03::SBA_noNAI::100XIAV070::100XIAV070::3823,2025-12-03::SBA_noNAI::100XIAV070::100XIAV070::3823,accepted_full_track,,,,,,,,1481.9095404614998,7.301086765168188,57.64642401236227
2025-12-03,SBA_noNAI,758.1169151661339,756.0785696544095,46,0.034035637974739075,3823,100XIAV070,98.55519897159742,98.29021405507325,92.22495086455345,100XIAV070::3823,2025-12-03::SBA_noNAI::100XIAV070,2025-12-03::SBA_noNAI::100XIAV070::100XIAV070::3823,2025-12-03::SBA_noNAI::100XIAV070::100XIAV070::3823,accepted_full_track,,,,,,,,1485.6295089363925,7.303593873153281,62.06118986831497
2025-12-03,SBA_noNAI,761.0850960766257,756.0017783133839,47,0.03251184523105621,3823,100XIAV070,98.94106248996135,98.2802311807399,94.22223699736595,100XIAV070::3823,2025-12-03::SBA_noNAI::100XIAV070,2025-12-03::SBA_noNAI::100XIAV070::100XIAV070::3823,2025-12-03::SBA_noNAI::100XIAV070::100XIAV070::3823,accepted_full_track,,,,,,,,1476.5083033112933,7.297435324812793,51.028369389948935
2025-12-03,SBA_noNAI,759.8858494249226,754.945898276374,48,0.034737687557935715,3823,100XIAV070,98.78516042523995,98.14296677592863,96.24398895049094,100XIAV070::3823,2025-12-03::SBA_noNAI::100XIAV070,2025-12-03::SBA_noNAI::100XIAV070::100XIAV070::3823,2025-12-03::SBA_noNAI::100XIAV070::100XIAV070::3823,accepted_full_track,,,,,,,,1480.9875684559013,7.300464420212245,56.51066161650094
2025-12-03,SBA_noNAI,758.9009958534183,753.9723967731177,49,0.05339687690138817,3823,100XIAV070,98.65712946094438,98.0164115805053,98.2479689309597,100XIAV070::3823,2025-12-03::SBA_noNAI::100XIAV070,2025-12-03::SBA_noNAI::100XIAV070::100XIAV070::3823,2025-12-03::SBA_noNAI::100XIAV070::100XIAV070::3823,accepted_full_track,,,,,,,,1488.5569289801945,7.30556242559629,65.39373236361193
2025-12-03,SBA_noNAI,760.9651213536046,750.971659857199,50,0.07771726697683334,3823,100XIAV070,98.92546577596859,97.62631578143588,100.27158587431907,100XIAV070::3823,2025-12-03::SBA_noNAI::100XIAV070,2025-12-03::SBA_noNAI::100XIAV070::100XIAV070::3823,2025-12-03::SBA_noNAI::100XIAV070::100XIAV070::3823,accepted_full_track,,,,,,,,1487.4170731830036,7.304796386745075,64.12937130475679
2025-12-03,SBA_noNAI,763.0415418609775,751.0349553848977,51,0.028360581025481224,3823,100XIAV070,99.19540044192708,97.6345442000367,102.18072698760032,100XIAV070::3823,2025-12-03::SBA_noNAI::100XIAV070,2025-12-03::SBA_noNAI::100XIAV070::100XIAV070::3823,2025-12-03::SBA_noNAI::100XIAV070::100XIAV070::3823,accepted_full_track,,,,,,,,1480.5598691873342,7.3001755852159835,55.9976316850309
2025-12-03,SBA_noNAI,762.1138421532562,751.0432910700545,52,0.07867097109556198,3823,100XIAV070,99.07479947992331,97.63562783910709,104.14939105010032,100XIAV070::3823,2025-12-03::SBA_noNAI::100XIAV070,2025-12-03::SBA_noNAI::100XIAV070::100XIAV070::3823,2025-12-03::SBA_noNAI::100XIAV070::100XIAV070::3823,accepted_full_track,,,,,,,,1482.068840187714,7.301194255646127,57.83811475409836
2025-12-03,SBA_noNAI,758.9444089118746,753.1297054277445,53,0.10185103118419647,3823,100XIAV070,98.6627731585437,97.90686170560679,106.1499220559597,100XIAV070::3823,2025-12-03::SBA_noNAI::100XIAV070,2025-12-03::SBA_noNAI::100XIAV070::100XIAV070::3823,2025-12-03::SBA_noNAI::100XIAV070::100XIAV070::3823,accepted_full_track,,,,,,,,1492.2902139432574,7.308067275215229,69.4032812080086
2025-12-03,SBA_noNAI,759.0298539159527,750.0955689384152,54,0.0557517372071743,3823,100XIAV070,98.67388100907385,97.51242396199399,108.14812200713158,100XIAV070::3823,2025-12-03::SBA_noNAI::100XIAV070,2025-12-03::SBA_noNAI::100XIAV070::100XIAV070::3823,2025-12-03::SBA_noNAI::100XIAV070::100XIAV070::3823,accepted_full_track,,,,,,,,1511.6859005945607,7.320980797457003,85.13388957941413
2025-12-03,SBA_noNAI,758.0245825759221,749.0581213293192,55,0.054701946675777435,3823,100XIAV070,98.54319573486987,97.3775557728115,110.27893987822533,100XIAV070::3823,2025-12-03::SBA_noNAI::100XIAV070,2025-12-03::SBA_noNAI::100XIAV070::100XIAV070::3823,2025-12-03::SBA_noNAI::100XIAV070::100XIAV070::3823,accepted_full_track,,,,,,,,1533.644510948648,7.335402215142182,93.93108791319538
2025-12-03,SBA_noNAI,757.0132612845537,748.0562469796107,56,0.06607750803232193,3823,100XIAV070,98.41172396699199,97.2473121073494,112.26858099150658,100XIAV070::3823,2025-12-03::SBA_noNAI::100XIAV070,2025-12-03::SBA_noNAI::100XIAV070::100XIAV070::3823,2025-12-03::SBA_noNAI::100XIAV070::100XIAV070::3823,accepted_full_track,,,,,,,,1552.9398357656028,7.347905081745063,97.10542780838485
2025-12-03,SBA_noNAI,760.8859794466007,748.956202712457,57,0.0255914106965065,3823,100XIAV070,98.91517732805809,97.36430635261941,114.22961785674096,100XIAV070::3823,2025-12-03::SBA_noNAI::100XIAV070,2025-12-03::SBA_noNAI::100XIAV070::100XIAV070::3823,2025-12-03::SBA_noNAI::100XIAV070::100XIAV070::3823,accepted_full_track,,,,,,,,1493.7371923262808,7.309036441468187,70.87749428916958
2025-12-03,SBA_noNAI,760.8755132140714,750.0744058284049,58,0.08006071299314499,3823,100XIAV070,98.91381671782928,97.50967275769264,116.14629290556908,100XIAV070::3823,2025-12-03::SBA_noNAI::100XIAV070,2025-12-03::SBA_noNAI::100XIAV070::100XIAV070::3823,2025-12-03::SBA_noNAI::100XIAV070::100XIAV070::3823,accepted_full_track,,,,,,,,1490.5908567783317,7.306927868508435,67.60268996909433
2025-12-03,SBA_noNAI,759.1404219687523,746.0392549429392,59,0.07309756428003311,3823,100XIAV070,98.6882548559378,96.9851031425821,118.1480919778347,100XIAV070::3823,2025-12-03::SBA_noNAI::100XIAV070,2025-12-03::SBA_noNAI::100XIAV070::100XIAV070::3823,2025-12-03::SBA_noNAI::100XIAV070::100XIAV070::3823,accepted_full_track,,,,,,,,1527.8753777133068,7.331633407312193,92.3190380610051
2025-12-03,SBA_noNAI,759.0287013256568,743.0552886349243,60,0.11074542254209518,3823,100XIAV070,98.6737311723354,96.59718752254017,120.2592189309597,100XIAV070::3823,2025-12-03::SBA_noNAI::100XIAV070,2025-12-03::SBA_noNAI::100XIAV070::100XIAV070::3823,2025-12-03::SBA_noNAI::100XIAV070::100XIAV070::3823,accepted_full_track,,,,,,,,1512.6363529787466,7.321609336571414,85.68292713652244
2025-12-03,SBA_noNAI,759.0381955060597,741.9709026624108,61,0.09097757190465927,3823,100XIAV070,98.67496541578775,96.4562173461134,122.24690203642845,100XIAV070::3823,2025-12-03::SBA_noNAI::100XIAV070,2025-12-03::SBA_noNAI::100XIAV070::100XIAV070::3823,2025-12-03::SBA_noNAI::100XIAV070::100XIAV070::3823,accepted_full_track,,,,,,,,1500.61449607666,7.313629967252001,77.2358321015856
2025-12-03,SBA_noNAI,758.0222991348212,742.8778737881796,62,0.057980313897132874,3823,100XIAV070,98.54289888752676,96.57412359246335,124.14502288603782,100XIAV070::3823,2025-12-03::SBA_noNAI::100XIAV070,2025-12-03::SBA_noNAI::100XIAV070::100XIAV070::3823,2025-12-03::SBA_noNAI::100XIAV070::100XIAV070::3823,accepted_full_track,,,,,,,,1521.0686816468078,7.32716844682614,89.8305227089492
2025-12-03,SBA_noNAI,757.9700636046489,743.972943733885,63,0.07480665296316147,3823,100XIAV070,98.53610826860435,96.71648268540505,126.14495794463157,100XIAV070::3823,2025-12-03::SBA_noNAI::100XIAV070,2025-12-03::SBA_noNAI::100XIAV070::100XIAV070::3823,2025-12-03::SBA_noNAI::100XIAV070::100XIAV070::3823,accepted_full_track,,,,,,,,1533.3686093468702,7.335222299640225,93.86243197393173
2025-12-03,SBA_noNAI,756.8891556135334,744.1304700469881,64,0.06678563356399536,3823,100XIAV070,98.39559022975934,96.73696110610845,128.24414983916282,100XIAV070::3823,2025-12-03::SBA_noNAI::100XIAV070,2025-12-03::SBA_noNAI::100XIAV070::100XIAV070::3823,2025-12-03::SBA_noNAI::100XIAV070::100XIAV070::3823,accepted_full_track,,,,,,,,1542.8562324153827,7.341390673955683,95.78458831631282
2025-12-03,SBA_noNAI,756.0691342108282,744.8586034201194,65,0.0470849834382534,3823,100XIAV070,98.28898744740768,96.83161844461553,130.21997405791282,100XIAV070::3823,2025-12-03::SBA_noNAI::100XIAV070,2025-12-03::SBA_noNAI::100XIAV070::100XIAV070::3823,2025-12-03::SBA_noNAI::100XIAV070::100XIAV070::3823,accepted_full_track,,,,,,,,1552.9431969800435,7.347907246162979,97.10563776538565
