crosslinking,contrast_threshold_percent,mean_field_area_percent,sd_field_area_percent,n_biological_replicates,biological_replicate_values
SBA,0.0,100.0,0.0,3,100;100;100
SBA,0.25,99.60320304037026,0.13185387361341178,3,99.558385;99.4996;99.751624
SBA,0.5,98.42117719283856,0.5305659548501142,3,98.258548;97.990961;99.014023
SBA,0.75,96.52118892883982,1.1635530375931962,3,96.161636;95.579851;97.822079
SBA,1.0,93.96591740247527,1.981395950365753,3,93.383152;92.341258;96.173343
SBA,1.25,90.84405093061048,2.9640894562044644,3,90.002479;88.391747;94.137927
SBA,1.5,87.26796938184414,4.067866109881657,3,86.171085;83.861014;91.771809
SBA,1.75,83.30115511670046,5.260609936921452,3,81.966046;78.836738;89.100681
SBA,2.0,79.09064460916888,6.421996721088826,3,77.566965;73.567515;86.137454
SBA,2.25,74.7121339161341,7.579700508162416,3,73.058894;68.095505;82.982003
SBA,2.5,70.26978352498953,8.724686606414156,3,68.517768;62.554052;79.737531
SBA,2.75,65.8210143667181,9.729770491878668,3,63.999212;57.130915;76.332916
SBA,3.0,61.432696406367256,10.613859564517668,3,59.604135;51.851917;72.842037
SBA,3.25,57.18849411781489,11.339673768098471,3,55.363983;46.871699;69.3298
SBA,3.5,53.06718349162416,11.971925781902613,3,51.260994;42.100979;65.839577
SBA,3.75,49.14588470401193,12.44842328125001,3,47.410314;37.65632;62.371019
SBA,4.0,45.43977684197123,12.742137347285219,3,43.785761;33.605417;58.928153
SBA,4.25,41.95103981310928,12.883987589718732,3,40.400192;29.912671;55.540257
SBA,4.5,38.726630095740866,12.927769234038541,3,37.305717;26.568016;52.306157
SBA,4.75,35.732308439410744,12.883358206968346,3,34.415316;23.558032;49.223578
SBA,5.0,32.94940730138948,12.7093530847663,3,31.736462;20.890011;46.221749
SBA,5.25,30.393208004567498,12.471410600742665,3,29.339189;18.482257;43.358178
SBA,5.5,28.04823027219562,12.15730284293106,3,27.144726;16.367886;40.632079
SBA,5.75,25.91207648161706,11.793831476366021,3,25.166319;14.50882;38.06109
SBA,6.0,23.941982165117523,11.377653403873907,3,23.382686;12.854292;35.588969
SBA,6.25,22.168430318159903,10.937275740083,3,21.790781;11.42487;33.28964
SBA,6.5,20.540322611509765,10.48760191013269,3,20.35163;10.14834;31.120998
SBA,6.75,19.063571137489195,10.012270126602772,3,19.068336;9.0489195;29.073458
SBA,7.0,17.727764836099382,9.548285931049218,3,17.900328;8.0943669;27.1886
SBA,7.25,16.51781350041587,9.105419244699132,3,16.852493;7.2496688;25.451279
SBA,7.5,15.403075608471182,8.6573415459198,3,15.906084;6.5051966;23.797946
SBA,7.75,14.395358239168871,8.224481842276875,3,15.061903;5.8578865;22.266286
SBA,8.0,13.475891162102323,7.801544975749255,3,14.315546;5.2884812;20.823646
SBA,8.25,12.641604548303219,7.3927351870242815,3,13.626278;4.8058799;19.492656
SBA,8.5,11.876704856742116,7.018880441988555,3,13.002914;4.3628146;18.264386
SBA,8.75,11.186950239916223,6.658768533256614,3,12.441706;3.9900679;17.129077
SBA,9.0,10.543791823117802,6.314787017271241,3,11.917858;3.6551064;16.058411
SBA,9.25,9.960130098721766,5.991914558648079,3,11.44508;3.3653706;15.069939
SBA,9.5,9.412775198189832,5.690758093638734,3,11.013297;3.0931415;14.131887
SBA,9.75,8.910731546671913,5.411211648558791,3,10.619557;2.8514032;13.261235
SBA,10.0,8.448448195526195,5.157526250864742,3,10.248489;2.6321318;12.464724
SBA,10.25,8.02299866506324,4.914735125400352,3,9.9101928;2.4443725;11.714431
SBA,10.5,7.635003942807994,4.694778082053948,3,9.582095;2.2799554;11.042961
SBA,10.75,7.265430742182629,4.482600631265995,3,9.2803028;2.1289602;10.387029
SBA,11.0,6.919596435174552,4.290860573920319,3,8.9985348;1.9852594;9.7749952
SBA,11.25,6.609238425626365,4.115358873007767,3,8.7408996;1.8653385;9.2214772
SBA,11.5,6.319356100406246,3.9603896213764824,3,8.4954101;1.7480436;8.7146146
SBA,11.75,6.0375823005068225,3.808532671514916,3,8.2582275;1.6399398;8.2145796
SBA,12.0,5.775984680694379,3.6731401575766074,3,8.0347285;1.5376715;7.755554
SBA,12.25,5.538145514360792,3.5464229459558276,3,7.822705;1.4526181;7.3391135
SBA,12.5,5.312860994623416,3.42974254990936,3,7.6224354;1.3719414;6.9442062
SBA,12.75,5.100852421984614,3.324081595115674,3,7.4256235;1.2934531;6.5834807
SBA,13.0,4.895407459132508,3.2209823457155533,3,7.2376629;1.2222592;6.2263003
SBA,13.25,4.706151159871847,3.128099656580937,3,7.0608039;1.156755;5.9008946
SBA,13.5,4.5306526015177955,3.0437676974026493,3,6.8923494;1.0956274;5.603981
SBA,13.75,4.360634192495389,2.9559163301800204,3,6.7232516;1.0460251;5.3126258
SBA,14.0,4.2030720686367395,2.876045369284861,3,6.5561009;0.99700635;5.056109
SBA,14.25,4.052046868166446,2.803159643516025,3,6.401106;0.94900883;4.8060258
SBA,14.5,3.9069025330003058,2.7323667314473963,3,6.2515865;0.90626331;4.5628578
SBA,14.75,3.7719997707919326,2.6640288846225224,3,6.1025052;0.86789447;4.3455997
SBA,15.0,3.6374928377654445,2.599998879334978,3,5.9607386;0.82908796;4.1226519
SBA,15.25,3.5120572864470625,2.538770737123248,3,5.8191238;0.79217801;3.92487
SBA,15.5,3.39220483336185,2.477459295164431,3,5.6809387;0.76154129;3.7341346
SBA,15.75,3.276034883277926,2.4223769692418893,3,5.5515689;0.72959157;3.5469442
SBA,16.0,3.167195658625209,2.3690730970033544,3,5.424861;0.70055963;3.3761664
SBA,16.25,3.0660625783982103,2.3214534062714143,3,5.3076746;0.67225714;3.218256
SBA,16.5,2.969069000578582,2.2718587900859406,3,5.1848165;0.64497587;3.0774146
SBA,16.75,2.8752092484310032,2.2282578786111737,3,5.0720602;0.61681927;2.9367483
SBA,17.0,2.7868145056972238,2.1831887588491723,3,4.9607598;0.59449823;2.8051855
SBA,17.25,2.698774771770582,2.1393450995332137,3,4.8514873;0.57305253;2.6717845
SBA,17.5,2.6135282999165246,2.098606090218502,3,4.7448758;0.5492726;2.5464365
SBA,17.75,2.532648656311416,2.0541576276784306,3,4.6347188;0.53001523;2.433212
SBA,18.0,2.4553500880226165,2.0187842890646506,3,4.5371286;0.50608941;2.3228322
SBA,18.25,2.3803840809861936,1.978472074937981,3,4.434617;0.48756149;2.2189738
SBA,18.5,2.3106228306418255,1.9398667749837242,3,4.3375803;0.47151369;2.1227745
SBA,18.75,2.2457962622583056,1.9021636289564252,3,4.2431076;0.45575766;2.0385235
SBA,19.0,2.177482380612147,1.8642631220651,3,4.1478309;0.44146053;1.9431558
SBA,19.25,2.1148264941014285,1.828680863251587,3,4.0590386;0.42920584;1.856235
SBA,19.5,2.054186261118581,1.7941772871067685,3,3.9698451;0.41315803;1.7795557
SBA,19.75,1.9957328201386746,1.7628090312278712,3,3.8871535;0.39856912;1.7014758
SBA,20.0,1.9399399754081041,1.731544681554064,3,3.8054265;0.38412609;1.6302673
SBA,20.25,1.8873754369328513,1.6992070679710505,3,3.7249228;0.37289263;1.5643108
SBA,20.5,1.8301314744510904,1.6680137393643761,3,3.6423292;0.35903316;1.4890321
SBA,20.75,1.7817427189277362,1.634414704274453,3,3.5621565;0.34940448;1.4336671
SBA,21.0,1.7333991076557893,1.6020401238991766,3,3.4826445;0.33758746;1.3799653
SBA,21.25,1.6856082101779,1.5719156591077437,3,3.4074021;0.32722933;1.3221932
SBA,21.5,1.6411189827313377,1.5449897996269528,3,3.3388405;0.31760065;1.2669158
SBA,21.75,1.5955722746081784,1.5167046039925303,3,3.2674565;0.30797197;1.2112883
SBA,22.0,1.55261016382358,1.487625304744425,3,3.1959922;0.29790562;1.1639327
SBA,22.25,1.5104771177752123,1.4602050810652427,3,3.1270734;0.28725571;1.1171023
SBA,22.5,1.4727816047976088,1.4339464787603935,3,3.063487;0.2793777;1.0754801
SBA,22.75,1.4345843792802764,1.4059660429655192,3,2.9971409;0.27179146;1.0348208
SBA,23.0,1.3996731209624613,1.3776796805364087,3,2.9326433;0.26508056;1.0012955
SBA,23.25,1.3643925642454686,1.3502741813764234,3,2.8693429;0.25895322;0.96488157
SBA,23.5,1.329989701976682,1.324999515548753,3,2.8085881;0.25019987;0.93118118
SBA,23.75,1.2964332721984022,1.3000919948965937,3,2.7496285;0.24363486;0.89603648
SBA,24.0,1.263320223124908,1.2715794647368532,3,2.6861051;0.23779929;0.86605627
SBA,24.25,1.2310162120791746,1.2477446642132792,3,2.629298;0.23108839;0.83266224
SBA,24.5,1.2006173837343956,1.2219921348321623,3,2.5714372;0.2255446;0.80487036
SBA,24.75,1.1707574948667447,1.1983897974086954,3,2.5168271;0.21985493;0.77559041
SBA,25.0,1.1424251537788175,1.1750857065350377,3,2.4641737;0.21591592;0.7471858
noSBA,0.0,100.0,0.0,3,100;100;100
noSBA,0.25,99.40253866474403,0.1096702792278378,3,99.291208;99.405939;99.510469
noSBA,0.5,97.6232468895193,0.39627399531805185,3,97.210205;97.659238;98.000298
noSBA,0.75,94.77302573391489,0.8441069173443697,3,93.920698;94.789715;95.608664
noSBA,1.0,91.00397047414795,1.3193886133248096,3,89.689403;90.99438;92.328128
noSBA,1.25,86.47049332829351,1.839705143071716,3,84.686583;86.363567;88.361329
noSBA,1.5,81.32373029395295,2.2881466306758838,3,79.175815;81.065224;83.730152
noSBA,1.75,75.72000136900928,2.674523247484664,3,73.314133;75.246057;78.599814
noSBA,2.0,69.88503482153284,3.0460198776160774,3,67.272516;69.151859;73.23073
noSBA,2.25,63.92073308850315,3.244678476546834,3,61.237349;62.998022;67.526829
noSBA,2.5,58.018713000886095,3.3701889076077785,3,55.379572;56.861516;61.815051
noSBA,2.75,52.302263871743456,3.3667643931885727,3,49.805463;50.970046;56.131283
noSBA,3.0,46.79827245561961,3.351435144710095,3,44.49687;45.254577;50.643371
noSBA,3.25,41.648480753336855,3.2049473559587716,3,39.646399;39.954074;45.344969
noSBA,3.5,36.803569837529814,3.0827349083978715,3,35.107654;34.941148;40.361907
noSBA,3.75,32.3630074502453,2.8904486409594474,3,31.020107;30.388299;35.680617
noSBA,4.0,28.334754664384423,2.696145179035571,3,27.325389;26.288931;31.389944
noSBA,4.25,24.72958428080919,2.518603092605252,3,24.060881;22.612816;27.515056
noSBA,4.5,21.469524853837644,2.295055360796082,3,21.095578;19.384406;23.92859
noSBA,4.75,18.60219913932266,2.1261978246460043,3,18.497275;16.530406;20.778917
noSBA,5.0,16.08899899930144,1.959095726502758,3,16.234513;14.061203;17.97128
noSBA,5.25,13.877922335561415,1.7868477061720818,3,14.221826;11.944119;15.467823
noSBA,5.5,11.969176014299242,1.6741689219406415,3,12.473648;10.10078;13.3331
noSBA,5.75,10.316670804545174,1.5519020258543894,3,10.949166;8.5484031;11.452443
noSBA,6.0,8.891715045321964,1.444695456872255,3,9.6215951;7.2276979;9.8258521
noSBA,6.25,7.668767257134701,1.3479000722678829,3,8.4835927;6.1129299;8.4097792
noSBA,6.5,6.620807814279465,1.2832273728396817,3,7.4839783;5.1462101;7.2322351
noSBA,6.75,5.728689524424094,1.2132418731787926,3,6.6087707;4.3446952;6.2326027
noSBA,7.0,4.956640722823347,1.1307390144846812,3,5.8657322;3.6904699;5.31372
noSBA,7.25,4.307271870963906,1.0542368672497748,3,5.2011145;3.1446695;4.5760316
noSBA,7.5,3.7547766547086483,0.9864105795225012,3,4.6225666;2.6819675;3.9597959
noSBA,7.75,3.2808988256246336,0.9256351944068288,3,4.1257827;2.2915098;3.425404
noSBA,8.0,2.8835169555922793,0.8633805372282554,3,3.6948136;1.9760975;2.9796397
noSBA,8.25,2.535117804146349,0.8062023759184559,3,3.3113255;1.7019427;2.5920852
noSBA,8.5,2.2455944066045834,0.7527190695445583,3,2.9861778;1.4812999;2.2693055
noSBA,8.75,1.996945980143595,0.7006143067149396,3,2.698587;1.2973629;1.994888
noSBA,9.0,1.7790236903641024,0.6525441096321657,3,2.4423972;1.1378769;1.756797
noSBA,9.25,1.5978350567551418,0.6063568391092834,3,2.2193935;1.0079189;1.5661928
noSBA,9.5,1.43799376935896,0.5736797022289918,3,2.0365206;0.89289987;1.3845608
noSBA,9.75,1.2966999115308935,0.5404483845660154,3,1.8701917;0.79684646;1.2230616
noSBA,10.0,1.1798816674754675,0.5068809195687711,3,1.7217642;0.71736606;1.1005147
noSBA,10.25,1.0786368574095404,0.47953632814680364,3,1.5924403;0.6429626;1.0005077
noSBA,10.5,0.9878913330706544,0.44994721533315263,3,1.4726141;0.58355654;0.90750337
noSBA,10.75,0.9091160966235563,0.42245840950664754,3,1.3663048;0.53319561;0.8278479
noSBA,11.0,0.8368386844805537,0.4007724769433449,3,1.2706189;0.48032539;0.75957179
noSBA,11.25,0.7785880196633457,0.3784403030488853,3,1.1903593;0.44601227;0.69939252
noSBA,11.5,0.7233842017476689,0.35709195655372705,3,1.1116394;0.40901478;0.64949843
noSBA,11.75,0.6732647977530366,0.33903108625931455,3,1.042556;0.37610219;0.60113618
noSBA,12.0,0.6290949879937578,0.32246602982758316,3,0.98072987;0.34721614;0.55933895
noSBA,12.25,0.5907329447660428,0.30701548058031514,3,0.92537076;0.32206486;0.52476322
noSBA,12.5,0.5571044355727491,0.29189473337627325,3,0.87385411;0.29895602;0.49850318
noSBA,12.75,0.526030644914977,0.27909975727334385,3,0.82803212;0.27759785;0.47246197
noSBA,13.0,0.497531322324944,0.2668966095546385,3,0.78581946;0.25904075;0.44773376
noSBA,13.25,0.4747497546767943,0.25794537113602806,3,0.75197754;0.24182583;0.4304459
noSBA,13.5,0.45287894156423075,0.24425698658924597,3,0.71322329;0.22875417;0.41665937
noSBA,13.75,0.4306134639119872,0.23305088911928046,3,0.67691768;0.21358169;0.40134101
noSBA,14.0,0.4131885433268976,0.2238322444213003,3,0.6498088;0.20482835;0.38492849
noSBA,14.25,0.39580004840326516,0.21514056759373604,3,0.6229259;0.19508295;0.36939129
noSBA,14.5,0.37871629967468196,0.20676845834038107,3,0.59643204;0.18498742;0.35472943
noSBA,14.75,0.3616449970653806,0.19718266058115136,3,0.56854581;0.17588394;0.34050524
noSBA,15.0,0.34793223773950405,0.18838467361138023,3,0.54417019;0.16853113;0.33109539
noSBA,15.25,0.33396274688159305,0.17752584576616157,3,0.51661721;0.16205365;0.32321738
noSBA,15.5,0.3207551215113051,0.1682972535168365,3,0.49200632;0.15557617;0.31468287
noSBA,15.75,0.30872223004290933,0.1627042512411119,3,0.47354565;0.14822336;0.30439768
noSBA,16.0,0.29829793843309393,0.15729701295860737,3,0.45516937;0.14057877;0.29914567
noSBA,16.25,0.28728327100415785,0.14943239403897576,3,0.43456971;0.13579361;0.29148649
noSBA,16.5,0.27734255633721516,0.14347886964442544,3,0.41758581;0.13083338;0.28360848
noSBA,16.75,0.26735773961568143,0.1368034272297925,3,0.39930249;0.12616492;0.2766058
noSBA,17.0,0.25864163657280814,0.1310227928221637,3,0.38346855;0.12219674;0.27025962
noSBA,17.25,0.2511314015632245,0.12524662363199196,3,0.36834901;0.11916225;0.26588295
noSBA,17.5,0.2439089389720233,0.1210813378790714,3,0.35536202;0.11507735;0.26128744
noSBA,17.75,0.2381043211762087,0.11597451146000912,3,0.34338984;0.11379353;0.2571296
noSBA,18.0,0.23112448534097552,0.11350180477739469,3,0.331831;0.10813303;0.25340943
noSBA,18.25,0.2240134425284568,0.10924524091309083,3,0.32003902;0.10515689;0.24684442
noSBA,18.5,0.21755975794533763,0.10555696978381804,3,0.30753476;0.10136377;0.24378075
noSBA,18.75,0.211519425914014,0.1027903501766706,3,0.29575994;0.096987098;0.24181124
noSBA,19.0,0.20480066277810124,0.0993624928183749,3,0.28537822;0.093777537;0.23524623
noSBA,19.25,0.19959104170384181,0.09612248287462487,3,0.27584752;0.091618377;0.23130723
noSBA,19.5,0.1930845350651745,0.09368180730411194,3,0.26513971;0.087183348;0.22693055
noSBA,19.75,0.18879606509652178,0.09112415719869099,3,0.25628625;0.0851409;0.22496105
noSBA,20.0,0.18412537670747098,0.08815322701633178,3,0.24579011;0.083156807;0.22342921
noSBA,20.25,0.17988272302885797,0.08633619485501225,3,0.23775978;0.080647514;0.22124087
noSBA,20.5,0.17560893521884754,0.08373879332347584,3,0.23071563;0.079246979;0.2168642
noSBA,20.75,0.171005135995026,0.0814362413741269,3,0.22087241;0.077029464;0.21511353
noSBA,21.0,0.16578264024262254,0.07873241846351474,3,0.21130309;0.074870305;0.21117452
noSBA,21.25,0.16092076823151588,0.07651204799376765,3,0.20337002;0.072594434;0.20679785
noSBA,21.5,0.15701127470246282,0.07460051961312689,3,0.19562431;0.071018831;0.20439068
noSBA,21.75,0.15303727687125454,0.07253555563399679,3,0.1876705;0.069676651;0.20176467
noSBA,22.0,0.1494612788055741,0.07082878971570841,3,0.18063351;0.068392827;0.1993575
noSBA,22.25,0.14736934407288424,0.07001890767740701,3,0.17499961;0.067750915;0.1993575
noSBA,22.5,0.14459258751905799,0.06882564756559717,3,0.16879932;0.066933936;0.1980445
noSBA,22.75,0.1415690118656914,0.06742184039344186,3,0.16245672;0.066175312;0.196075
noSBA,23.0,0.13796793507134816,0.06626669024154251,3,0.15524237;0.064774776;0.19388666
noSBA,23.25,0.13613979321486544,0.06605282807203423,3,0.15107094;0.063899442;0.19344899
noSBA,23.5,0.13368475663275523,0.06518831003734041,3,0.14621513;0.063140818;0.19169832
noSBA,23.75,0.13086943162316086,0.06444277355083088,3,0.14051187;0.062148772;0.18994765
noSBA,24.0,0.12930593976060956,0.06396931597873015,3,0.13738241;0.061681927;0.18885349
noSBA,24.25,0.12693519467925765,0.06361309866690994,3,0.13257522;0.060689881;0.18754048
noSBA,24.5,0.12490767100367355,0.06315981874933632,3,0.12884146;0.059872901;0.18600865
noSBA,24.75,0.12352010322196001,0.06274691073764511,3,0.12572916;0.059697834;0.18513331
noSBA,25.0,0.12135078950897082,0.06263878019741043,3,0.12254749;0.058122232;0.18338264
