architecture,K_D,K_C,n_binders,n_cleavers,receptor_contrast,locally_depleted_fraction,mobile_fraction,diffusivity_shift
polarized,100.0,0.0,10.0,10.0,0.0,0.0,1.0,0.0
polarized,100.0,0.01,10.0,10.0,0.0529094083192224,0.0,1.0,0.0016901328130619
polarized,100.0,0.0108047182231812,10.0,10.0,0.0549659809381612,0.0,1.0,0.0018242746034731
polarized,100.0,0.0116741935882345,10.0,10.0,0.0571011977371983,0.0,1.0,0.0019689818611193
polarized,100.0,0.0126136372203744,10.0,10.0,0.0593179603439694,0.0,1.0,0.0021250766949909
polarized,100.0,0.0136286795935577,10.0,10.0,0.0616192686567612,0.0,1.0,0.0022934439264338
polarized,100.0,0.0147254042762412,10.0,10.0,0.0640082234157193,0.0,1.0,0.0024750357145554
polarized,100.0,0.0159103843927215,10.0,10.0,0.0664880287702819,0.0,1.0,0.0026708765024792
polarized,100.0,0.0171907220185857,10.0,10.0,0.0690619948341337,0.0,1.0,0.0028820683040318
polarized,100.0,0.0185740907463857,10.0,10.0,0.0717335402180606,0.0,1.0,0.0031097963512599
polarized,100.0,0.0200687816766496,10.0,10.0,0.0745061945298943,0.0,1.0,0.0033553351239779
polarized,100.0,0.0216837531098743,10.0,10.0,0.0773836008295334,0.0,1.0,0.0036200547833055
polarized,100.0,0.0234286842373223,10.0,10.0,0.0803695180256683,0.0,1.0,0.0039054280318659
polarized,100.0,0.0253140331524156,10.0,10.0,0.0834678231994131,0.0,1.0,0.004213037423951
polarized,100.0,0.027351099530412,10.0,10.0,0.0866825138383933,0.0,1.0,0.0045445831495188
polarized,100.0,0.0295520923520288,10.0,10.0,0.0900177099631385,0.0,1.0,0.0049018913163168
polarized,100.0,0.0319302030769102,10.0,10.0,0.0934776561257239,0.0,1.0,0.0052869227547292
polarized,100.0,0.0344996847054971,10.0,10.0,0.0970667232584839,0.0,1.0,0.00570178237007
polarized,100.0,0.0372759372031493,10.0,10.0,0.100789410348446,0.0,1.0,0.0061487290669564
polarized,100.0,0.0402755997985029,10.0,10.0,0.1046503459106001,0.0,1.0,0.0066301862700653
polarized,100.0,0.0435166507092441,10.0,10.0,0.1086542892300703,0.0,1.0,0.0071487530649988
polarized,100.0,0.0470185148929985,10.0,10.0,0.1128061313402751,0.0,1.0,0.0077072159820213
polarized,100.0,0.0508021804691302,10.0,10.0,0.1171108957197666,0.0,1.0,0.0083085614412119
polarized,100.0,0.0548903245092155,10.0,10.0,0.1215737385871619,0.0,1.0,0.0089559888904837
polarized,100.0,0.0593074489501055,10.0,10.0,0.1261999489322465,0.0,1.0,0.0096529246265635
polarized,100.0,0.06408002744416,10.0,10.0,0.1309949479962717,0.0,1.0,0.0104030363484042
polarized,100.0,0.0692366640267872,10.0,10.0,0.1359642883498781,0.0,1.0,0.0112102484231017
polarized,100.0,0.0748082645522508,10.0,10.0,0.1411136524096714,0.0,1.0,0.0120787578848119
polarized,100.0,0.0808282219252271,10.0,10.0,0.1464488503620306,0.0,1.0,0.0130130511614385
polarized,100.0,0.0873326162382843,10.0,10.0,0.1519758174232349,0.0,1.0,0.0140179215219681
polarized,100.0,0.0943604310147889,10.0,10.0,0.1577006103625666,0.0,1.0,0.0150984872284306
polarized,100.0,0.101953786853273,10.0,10.0,0.1636294032083943,0.0,1.0,0.0162602103665928
polarized,100.0,0.1101581938735899,10.0,10.0,0.1697684820499569,0.0,1.0,0.0175089163178759
polarized,100.0,0.1190228244778715,10.0,10.0,0.1761242388394986,0.0,1.0,0.0188508138214191
polarized,100.0,0.1286008080610566,10.0,10.0,0.182703164091127,0.0,1.0,0.0202925155592922
polarized,100.0,0.1389495494373137,10.0,10.0,0.1895118383631742,0.0,1.0,0.0218410591795061
polarized,100.0,0.1501310728908173,10.0,10.0,0.1965569224009066,0.0,1.0,0.0235039286501429
polarized,100.0,0.1622123939129172,10.0,10.0,0.2038451458054577,0.0,1.0,0.0252890758133898
polarized,100.0,0.1752659208536758,10.0,10.0,0.2113832940830595,0.0,1.0,0.0272049419800503
polarized,100.0,0.189369888895036,10.0,10.0,0.2191781939114038,0.0,1.0,0.0292604793741461
polarized,100.0,0.2046088289466012,10.0,10.0,0.2272366964811187,0.0,1.0,0.0314651721897318
polarized,100.0,0.2210740742743124,10.0,10.0,0.2355656586330603,0.0,1.0,0.0338290570170892
polarized,100.0,0.2388643078984598,10.0,10.0,0.2441719217404546,0.0,1.0,0.0363627422736886
polarized,100.0,0.2580861540418074,10.0,10.0,0.2530622879618768,0.0,1.0,0.0390774263138526
polarized,100.0,0.278854817172629,10.0,10.0,0.2622434937167014,0.0,1.0,0.0419849137559771
polarized,100.0,0.301294772472699,10.0,10.0,0.2717221800921885,0.0,1.0,0.0450976295344535
polarized,100.0,0.3255405118685032,10.0,10.0,0.2815048599046295,0.0,1.0,0.0484286300956203
polarized,100.0,0.351737350096938,10.0,10.0,0.2915978811090005,0.0,1.0,0.0519916110720477
polarized,100.0,0.3800422956365883,10.0,10.0,0.3020073862271788,0.0,1.0,0.0558009106727223
polarized,100.0,0.4106249917244298,10.0,10.0,0.3127392674376017,0.0,1.0,0.0598715079195158
polarized,100.0,0.4436687330978611,10.0,10.0,0.3237991169410513,0.0,1.0,0.0642190147412475
polarized,100.0,0.4793715645558216,10.0,10.0,0.3351921721897622,0.0,1.0,0.0688596608039577
polarized,100.0,0.517947467923121,10.0,10.0,0.3469232555268352,0.0,1.0,0.0738102698156608
polarized,100.0,0.5596276445319552,10.0,10.0,0.35899670776771,0.0,1.0,0.0790882258770891
polarized,100.0,0.6046619009070435,10.0,10.0,0.3714163151995246,0.0,1.0,0.0847114282884574
polarized,100.0,0.6533201459593774,10.0,10.0,0.3841852294570449,0.0,1.0,0.0906982330276964
polarized,100.0,0.7058940086618741,10.0,10.0,0.3973058796901786,0.0,1.0,0.0970673789203182
polarized,100.0,0.7626985859023444,10.0,10.0,0.4107798764060923,0.0,1.0,0.1038378963079982
polarized,100.0,0.8240743309893657,10.0,10.0,0.4246079063342207,0.0,1.0,0.1110289958017697
polarized,100.0,0.890389094129673,10.0,10.0,0.4387896176489437,0.0,1.0,0.1186599344642046
polarized,100.0,0.9620403271064756,10.0,10.0,0.4533234948029191,0.0,1.0,0.1267498565713305
polarized,100.0,1.0394574653722626,10.0,10.0,0.4682067223225611,0.0,1.0,0.135317605793627
polarized,100.0,1.1231045018329515,10.0,10.0,0.4834350367677834,0.0,1.0,0.144381505516277
polarized,100.0,1.213482767749143,10.0,10.0,0.499002566184224,0.0,1.0,0.1539591037413309
polarized,100.0,1.3111339374215645,10.0,10.0,0.5149016563479066,0.0,1.0,0.1640668788994679
polarized,100.0,1.4166432746690207,10.0,10.0,0.5311226832120831,0.0,1.0,0.1747199027599466
polarized,100.0,1.530643140556358,10.0,10.0,0.5476538509657685,0.0,1.0,0.1859314567111383
polarized,100.0,1.6538167833956732,10.0,10.0,0.5644809754803473,0.0,1.0,0.1977125975977682
polarized,100.0,1.7869024337358286,10.0,10.0,0.5815872528974538,0.0,1.0,0.2100716698145748
polarized,100.0,1.9306977288832496,10.0,10.0,0.59895301365096,0.0,1.0,0.2230137606586284
polarized,100.0,2.0860644934719565,10.0,10.0,0.616555462566319,0.0,1.0,0.2365400968427207
polarized,100.0,2.253933904734791,10.0,10.0,0.6343684063680979,0.0,1.0,0.2506473811956298
polarized,100.0,2.435312073433415,10.0,10.0,0.6523619707180006,0.0,1.0,0.2653270703374069
polarized,100.0,2.631286073895942,10.0,10.0,0.6705023101106858,0.0,1.0,0.280564596375489
polarized,100.0,2.8430304593026623,10.0,10.0,0.6887513154018404,0.0,1.0,0.2963385389026986
polarized,100.0,3.0718143012686965,10.0,10.0,0.7070663257413112,0.0,1.0,0.3126197577479354
polarized,100.0,3.319008795914677,10.0,10.0,0.725399854237206,0.0,1.0,0.3293705024247533
polarized,100.0,3.586095482011829,10.0,10.0,0.7436993399739904,0.0,1.0,0.3465435212635578
polarized,100.0,3.874675120456128,10.0,10.0,0.761906943200662,0.0,1.0,0.3640812021064631
polarized,100.0,4.186477288289951,10.0,10.0,0.7799594057650192,0.0,1.0,0.3819147874703891
polarized,100.0,4.523370744772101,10.0,10.0,0.7977880053488188,0.0,1.0,0.3999637204615691
polarized,100.0,4.887374631624422,10.0,10.0,0.815318639845939,0.0,1.0,0.4181351935141053
polarized,100.0,5.280670574582637,10.0,10.0,0.8324720872860281,0.0,1.0,0.4363239899340022
polarized,100.0,5.705615758781021,10.0,10.0,0.8491644966567606,0.0,1.0,0.4544127276312574
polarized,100.0,6.164757056337161,10.0,10.0,0.8653081752026044,0.0,1.0,0.4722726331880593
polarized,100.0,6.660846290809154,10.0,10.0,0.8808127464803825,0.0,1.0,0.4897649902195694
polarized,100.0,7.196856730011521,10.0,10.0,0.8955867582818934,0.0,1.0,0.5067434132007925
polarized,100.0,7.7760009060380355,10.0,10.0,0.9095398161857482,0.0,1.0,0.5230570896575848
polarized,100.0,8.401749869294335,10.0,10.0,0.922585301127582,0.0,1.0,0.5385550997100882
polarized,100.0,9.077853991937548,10.0,10.0,0.9346436904037956,0.0,1.0,0.5530918503727521
polarized,100.0,9.80836544540667,10.0,10.0,0.9456464328200463,0.0,1.0,0.5665335405569396
polarized,100.0,10.0,10.0,10.0,0.9482255288461362,0.0,1.0,0.5697088837898752
mixed,100.0,0.0,10.0,10.0,0.0,0.0,1.0,0.0
mixed,100.0,0.01,10.0,10.0,0.0031676504485169,0.0,1.0,0.0003296268365329
mixed,100.0,0.0108047182231812,10.0,10.0,0.0032926619591897,0.0,1.0,0.000355810587422
mixed,100.0,0.0116741935882345,10.0,10.0,0.0034226080514034,0.0,1.0,0.0003840601060269
mixed,100.0,0.0126136372203744,10.0,10.0,0.0035576835887537,0.0,1.0,0.0004145366776693
mixed,100.0,0.0136286795935577,10.0,10.0,0.0036980911364712,1.1102230246251563e-16,1.0,0.0004474139785475
mixed,100.0,0.0147254042762412,10.0,10.0,0.0038440412663446,3.3306690738754696e-16,0.9999999999999996,0.0004828790039171
mixed,100.0,0.0159103843927215,10.0,10.0,0.003995752873785,1.3322676295501878e-15,0.9999999999999988,0.0005211330630204
mixed,100.0,0.0171907220185857,10.0,10.0,0.0041534535074749,4.6629367034256575e-15,0.9999999999999952,0.0005623928452594
mixed,100.0,0.0185740907463857,10.0,10.0,0.0043173797121247,1.554312234475219e-14,0.9999999999999843,0.0006068915623521
mixed,100.0,0.0200687816766496,10.0,10.0,0.0044877773848908,4.8849813083506894e-14,0.9999999999999512,0.0006548801714864
mixed,100.0,0.0216837531098743,10.0,10.0,0.0046649021459371,1.482147737874584e-13,0.9999999999998518,0.0007066286847989
mixed,100.0,0.0234286842373223,10.0,10.0,0.0048490197237754,4.322098234865735e-13,0.9999999999995678,0.0007624275707664
mixed,100.0,0.0253140331524156,10.0,10.0,0.0050404063559362,1.2136958105202213e-12,0.9999999999987864,0.0008225892534389
mixed,100.0,0.027351099530412,10.0,10.0,0.0052393492056037,3.287481398217551e-12,0.9999999999967124,0.0008874497157434
mixed,100.0,0.0295520923520288,10.0,10.0,0.0054461467948657,8.599676526444e-12,0.9999999999914004,0.0009573702134163
mixed,100.0,0.0319302030769102,10.0,10.0,0.0056611094552129,2.1755375279042255e-11,0.9999999999782446,0.0010327391064711
mixed,100.0,0.0344996847054971,10.0,10.0,0.0058845597960234,5.3293813806476464e-11,0.9999999999467062,0.0011139738154108
mixed,100.0,0.0372759372031493,10.0,10.0,0.0061168331917457,1.2657319636844022e-10,0.9999999998734268,0.0012015229097373
mixed,100.0,0.0402755997985029,10.0,10.0,0.0063582782885196,2.9179236804566244e-10,0.9999999997082076,0.0012958683366076
mixed,100.0,0.0435166507092441,10.0,10.0,0.0066092575310362,6.536813312862931e-10,0.9999999993463188,0.0013975277977235
mixed,100.0,0.0470185148929985,10.0,10.0,0.0068701477104652,1.4245959967240651e-09,0.999999998575404,0.0015070572827037
mixed,100.0,0.0508021804691302,10.0,10.0,0.007141340534277,3.0234772463444415e-09,0.9999999969765228,0.0016250537672081
mixed,100.0,0.0548903245092155,10.0,10.0,0.0074232432188732,6.255321927106649e-09,0.999999993744678,0.0017521580838388
mixed,100.0,0.0593074489501055,10.0,10.0,0.0077162791059496,1.2628228240885164e-08,0.9999999873717718,0.0018890579732505
mixed,100.0,0.06408002744416,10.0,10.0,0.0080208883035263,2.4899515560505847e-08,0.9999999751004844,0.002036491321777
mixed,100.0,0.0692366640267872,10.0,10.0,0.008337528352708,4.79938495612231e-08,0.9999999520061504,0.0021952495898918
mixed,100.0,0.0748082645522508,10.0,10.0,0.0086666749211689,9.051116478531185e-08,0.9999999094888352,0.0023661814328111
mixed,100.0,0.0808282219252271,10.0,10.0,0.0090088225244786,1.6714831585495918e-07,0.999999832851684,0.002550196509904
mixed,100.0,0.0873326162382843,10.0,10.0,0.0093644852764279,3.025051772409526e-07,0.9999996974948228,0.0027482694728878
mixed,100.0,0.0943604310147889,10.0,10.0,0.0097341976694984,5.36944037010656e-07,0.999999463055963,0.0029614441134134
mixed,100.0,0.101953786853273,10.0,10.0,0.0101185153867605,9.3543229762183e-07,0.9999990645677024,0.0031908376376749
mixed,100.0,0.1101581938735899,10.0,10.0,0.0105180161464464,1.6006348988462094e-06,0.9999983993651012,0.0034376450183659
mixed,100.0,0.1190228244778715,10.0,10.0,0.0109333005806008,2.691946543342816e-06,0.9999973080534568,0.0037031433513718
mixed,100.0,0.1286008080610566,10.0,10.0,0.0113649931491736,4.452675713251253e-06,0.9999955473242867,0.0039886961150125
mixed,100.0,0.1389495494373137,10.0,10.0,0.0118137430910533,7.248221541078515e-06,0.9999927517784588,0.0042957571918207
mixed,100.0,0.1501310728908173,10.0,10.0,0.0122802254135405,1.1618826687764816e-05,0.9999883811733122,0.0046258744653551
mixed,100.0,0.1622123939129172,10.0,10.0,0.0127651419219032,1.8351346032785543e-05,0.9999816486539672,0.0049806927454417
mixed,100.0,0.1752659208536758,10.0,10.0,0.0132692222906419,2.8575438345668225e-05,0.9999714245616544,0.0053619557027146
mixed,100.0,0.189369888895036,10.0,10.0,0.0137932251782436,4.389065563059624e-05,0.9999561093443694,0.005771506404917
mixed,100.0,0.2046088289466012,10.0,10.0,0.0143379393872454,6.653205386941696e-05,0.9999334679461306,0.0062112859408233
mixed,100.0,0.2210740742743124,10.0,10.0,0.0149041850714878,9.95831508761036e-05,0.999900416849124,0.0066833294900527
mixed,100.0,0.2388643078984598,10.0,10.0,0.0154928149940103,0.0001472462708838,0.9998527537291162,0.0071897590441875
mixed,100.0,0.2580861540418074,10.0,10.0,0.0161047158291021,0.0002151814853617,0.9997848185146384,0.0077327718151434
mixed,100.0,0.278854817172629,10.0,10.0,0.0167408095324435,0.0003109264034654,0.9996890735965346,0.0083146231320755
mixed,100.0,0.301294772472699,10.0,10.0,0.0174020547512947,0.0004444098847593,0.9995555901152406,0.008937602434705
mixed,100.0,0.3255405118685032,10.0,10.0,0.0180894483019411,0.0006285731810357,0.9993714268189644,0.0096040006515684
mixed,100.0,0.351737350096938,10.0,10.0,0.018804026705207,0.0008801118744521,0.999119888125548,0.0103160669838572
mixed,100.0,0.3800422956365883,10.0,10.0,0.0195468677853898,0.0012203509797698,0.9987796490202302,0.0110759527816014
mixed,100.0,0.4106249917244298,10.0,10.0,0.0203190923352211,0.0016762633494979,0.998323736650502,0.0118856398740014
mixed,100.0,0.4436687330978611,10.0,10.0,0.0211218658497059,0.0022816375622989,0.9977183624377012,0.0127468504087225
mixed,100.0,0.4793715645558216,10.0,10.0,0.0219564003318547,0.0030783951379649,0.9969216048620352,0.0136609350118566
mixed,100.0,0.517947467923121,10.0,10.0,0.0228239561734469,0.0041180473869574,0.9958819526130426,0.0146287359671079
mixed,100.0,0.5596276445319552,10.0,10.0,0.0237258441142137,0.0054632684771621,0.9945367315228378,0.0156504222257142
mixed,100.0,0.6046619009070435,10.0,10.0,0.0246634272828516,0.0071895422565267,0.9928104577434732,0.0167252935322365
mixed,100.0,0.6533201459593774,10.0,10.0,0.0256381233236074,0.0093868148393171,0.9906131851606828,0.0178515519634076
mixed,100.0,0.7058940086618741,10.0,10.0,0.0266514066122609,0.0121610519384132,0.9878389480615868,0.0190260409528934
mixed,100.0,0.7626985859023444,10.0,10.0,0.0277048105655756,0.0156355589040312,0.9843644410959688,0.0202439546769274
mixed,100.0,0.8240743309893657,10.0,10.0,0.0287999300484964,0.0199518729546244,0.9800481270453756,0.0214985247827566
mixed,100.0,0.890389094129673,10.0,10.0,0.0299384238836251,0.0252699835139209,0.974730016486079,0.0227806970962137
mixed,100.0,0.9620403271064756,10.0,10.0,0.0311220174677051,0.0317675830399742,0.9682324169600256,0.0240788182664607
mixed,100.0,1.0394574653722626,10.0,10.0,0.0323525055001581,0.0396380062346233,0.9603619937653768,0.0253783611592598
mixed,100.0,1.1231045018329515,10.0,10.0,0.0336317548289802,0.0490864937485802,0.9509135062514198,0.0266617276276564
mixed,100.0,1.213482767749143,10.0,10.0,0.034961707419602,0.0603244359793669,0.939675564020633,0.0279081768721578
mixed,100.0,1.3111339374215645,10.0,10.0,0.0363443834526802,0.0735613352934562,0.9264386647065438,0.0290939349558674
mixed,100.0,1.4166432746690207,10.0,10.0,0.0377818845570926,0.0889943926766355,0.9110056073233644,0.0301925433376322
mixed,100.0,1.530643140556358,10.0,10.0,0.0392763971848324,0.1067958919382889,0.893204108061711,0.031175498108691
mixed,100.0,1.6538167833956732,10.0,10.0,0.0408301961349133,0.1270989187422962,0.8729010812577037,0.0320132136055584
mixed,100.0,1.7869024337358286,10.0,10.0,0.0424456482338033,0.1499823827542817,0.8500176172457182,0.0326763120555891
mixed,100.0,1.9306977288832496,10.0,10.0,0.0441252161804559,0.1754567434849162,0.8245432565150838,0.0331371954017579
mixed,100.0,2.0860644934719565,10.0,10.0,0.045871462564152,0.2034521742897499,0.7965478257102501,0.0333718010501931
mixed,100.0,2.253933904734791,10.0,10.0,0.0476870540678711,0.2338110167470248,0.7661889832529751,0.0333613892861089
mixed,100.0,2.435312073433415,10.0,10.0,0.0495747658512281,0.2662861764498012,0.7337138235501988,0.0330941695383036
mixed,100.0,2.631286073895942,10.0,10.0,0.0515374861615779,0.3005465438138176,0.6994534561861824,0.0325665591803615
mixed,100.0,2.8430304593026623,10.0,10.0,0.053578221128523,0.3361896394298094,0.6638103605701906,0.0317838920847512
mixed,100.0,3.0718143012686965,10.0,10.0,0.0557000998053844,0.3727606300580205,0.6272393699419795,0.0307604558531807
mixed,100.0,3.319008795914677,10.0,10.0,0.0579063794415395,0.4097758690463254,0.5902241309536745,0.0295188273078271
mixed,100.0,3.586095482011829,10.0,10.0,0.0602004510089018,0.4467484161853702,0.5532515838146298,0.0280885764993202
mixed,100.0,3.874675120456128,10.0,10.0,0.062585844996421,0.4832127562967913,0.5167872437032087,0.0265044975776394
mixed,100.0,4.186477288289951,10.0,10.0,0.0650662374889817,0.5187462049415883,0.4812537950584117,0.0248045810079856
mixed,100.0,4.523370744772101,10.0,10.0,0.0676454565484935,0.5529851706287093,0.4470148293712906,0.0230279558588715
mixed,100.0,4.887374631624422,10.0,10.0,0.0703274889165038,0.5856353466479336,0.4143646533520663,0.0212130049925802
mixed,100.0,5.280670574582637,10.0,10.0,0.0731164870594508,0.6164758154624208,0.3835241845375791,0.0193958013430333
mixed,100.0,5.705615758781021,10.0,10.0,0.0760167765794905,0.6453577867668302,0.3546422132331698,0.0176089461614528
mixed,100.0,6.164757056337161,10.0,10.0,0.0790328640162261,0.6721991579853077,0.3278008420146923,0.015880825514217
mixed,100.0,6.660846290809154,10.0,10.0,0.082169445066956,0.6969762685960956,0.3030237314039044,0.0142352502626582
mixed,100.0,7.196856730011521,10.0,10.0,0.0854314132559141,0.71971416599286,0.28028583400714,0.0126914121731188
mixed,100.0,7.7760009060380355,10.0,10.0,0.0888238690861841,0.74047649080358,0.25952350919642,0.0112640744653511
mixed,100.0,8.401749869294335,10.0,10.0,0.0923521297114684,0.7593558062440648,0.2406441937559351,0.0099639154691779
mixed,100.0,9.077853991937548,10.0,10.0,0.0960217391675389,0.7764649055233942,0.2235350944766058,0.0087979542680917
mixed,100.0,9.80836544540667,10.0,10.0,0.099838479220065,0.7919293764005663,0.2080706235994337,0.0077700025962669
mixed,100.0,10.0,10.0,10.0,0.100816354496544,0.7955539497297028,0.2044460502702972,0.0075347558475779
