architecture,K_D,speed
polarized,1.0,0.0203173373296125
polarized,1.017461587793829,0.0205611209733847
polarized,1.0352280826359388,0.020807640771697
polarized,1.0533048086875232,0.0210569229183322
polarized,1.0716971830780824,0.0213089935525087
polarized,1.0904107175287991,0.0215638787370069
polarized,1.1094510200042598,0.0218216044478652
polarized,1.128823796393017,0.0220821965538154
polarized,1.1485348522174963,0.0223456807990232
polarized,1.1685900943737644,0.0226120827878919
polarized,1.1889955329016704,0.0228814279673503
polarized,1.2097572827859029,0.0231537416104788
polarized,1.2308815657884926,0.0234290488002079
polarized,1.2523747123133138,0.0237073744136671
polarized,1.2742431633031437,0.0239887431048635
polarized,1.2964934721698471,0.0242731792929191
polarized,1.3191323067582668,0.0245607071433823
polarized,1.342166451344402,0.0248513505587157
polarized,1.3656028086684835,0.0251451331585574
polarized,1.3894484020035474,0.0254420782726503
polarized,1.4137103772601272,0.0257422089257133
polarized,1.4383960051277016,0.0260455478264518
polarized,1.4635126832535312,0.0263521173568357
polarized,1.4890679384595449,0.0266619395620606
polarized,1.5150694289979314,0.0269750361413218
polarized,1.5415249468461245,0.0272914284393732
polarized,1.5684424200418552,0.0276111374381619
polarized,1.595829915058981,0.0279341837535215
polarized,1.6236956392248016,0.0282605876219441
polarized,1.6520479431795825,0.0285903689032127
polarized,1.6808953233790265,0.0289235470678594
polarized,1.7102464246404454,0.0292601412025637
polarized,1.740110042733386,0.0296001699981357
polarized,1.7704951270154978,0.0299436517513834
polarized,1.8014107831144248,0.0302906043603391
polarized,1.8328662756565268,0.0306410453256412
polarized,1.8648710310432512,0.0309949917456495
polarized,1.8974346402759803,0.031352460317509
polarized,1.9305668618302112,0.0317134673343784
polarized,1.964277624579916,0.0320780286858087
polarized,1.998577030772971,0.0324461598551454
polarized,2.033475359058543,0.0328178759235157
polarized,2.06898306756733,0.0331931915566147
polarized,2.1051107970456027,0.0335721210178169
polarized,2.1418693740439507,0.033954678154288
polarized,2.1792698141617324,0.0343408764028129
polarized,2.217323325348158,0.0347307287770748
polarized,2.2560413112610287,0.0351242478712985
polarized,2.295435374684118,0.0355214458510468
polarized,2.3355173210042244,0.0359223344475525
polarized,2.376299161748947,0.0363269249491692
polarized,2.4177931181862276,0.0367352281971779
polarized,2.4600116249867514,0.0371472545660295
polarized,2.5029673339502967,0.0375630139609284
polarized,2.546673117797155,0.0379825157996374
polarized,2.591142074025753,0.0384057689982104
polarized,2.636387528837637,0.0388327819539529
polarized,2.68242304113099,0.0392635625262595
polarized,2.729262406563888,0.0396981180166458
polarized,2.7769196616884995,0.0401364551436703
polarized,2.8254090881574823,0.0405785800197028
polarized,2.874745217003825,0.0410244981224299
polarized,2.9249428329954266,0.0414742142652476
polarized,2.976016979065706,0.0419277325650732
polarized,3.0279829608215865,0.0423850564084407
polarized,3.08085635113019,0.0428461884107377
polarized,3.134652994785624,0.0433111303838088
polarized,3.189389013257261,0.0437798832864139
polarized,3.2450808095209256,0.0442524471829726
polarized,3.301745072974444,0.044728821195269
polarized,3.3593987844390276,0.0452090034521873
polarized,3.418059221247992,0.0456929910367128
polarized,3.4777439624243187,0.0461807799301839
polarized,3.538470893948648,0.0466723649537654
polarized,3.60025821411924,0.0471677397071321
polarized,3.663124439005536,0.0476668965053143
polarized,3.72708840799695,0.0481698263069165
polarized,3.79216928944855,0.0486765186540513
polarized,3.858386586425317,0.0491869615900625
polarized,3.9257601425467135,0.0497011415889696
polarized,3.9943101479333056,0.0502190434762711
polarized,4.064057145257223,0.0507406503479113
polarized,4.135022035898269,0.0512659434864419
polarized,4.207226086207523,0.0517949022744056
polarized,4.280690933880321,0.0523275041049498
polarized,4.35543859444052,0.0528637242897018
polarized,4.431491467837972,0.0534035359639281
polarized,4.508872345161228,0.0539469099890176
polarized,4.587604415467426,0.0544938148523194
polarized,4.667711272731467,0.0550442165643837
polarized,4.749216922916511,0.0555980785536511
polarized,4.832145791167954,0.0561553615586529
polarized,4.916522729133014,0.0567160235177766
polarized,5.002373022408124,0.0572800194566729
polarized,5.089722398116383,0.0578473013733772
polarized,5.178597032617307,0.0584178181212381
polarized,5.269023559351216,0.0589915152897413
polarized,5.361029076820579,0.059568335083339
polarized,5.454641156710748,0.0601482161983972
polarized,5.5498878521524855,0.060731093698392
polarized,5.646797706128749,0.0613168988874878
polarized,5.745399760028305,0.061905559182654
polarized,5.845723562348681,0.0624969979844805
polarized,5.947799177551087,0.0630911345468754
polarized,6.051657195069956,0.0636878838458356
polarized,6.1573287384798245,0.0642871564475015
polarized,6.2648454748222555,0.0648888583757218
polarized,6.374239624095634,0.0654928909793749
polarized,6.48554396891068,0.0660991507997056
polarized,6.598791864314551,0.0667075294379625
polarized,6.714017247786481,0.0673179134236343
polarized,6.831254649407985,0.0679301840835662
polarized,6.950539202210622,0.0685442174126134
polarized,7.071906652704471,0.0691598839452476
polarized,7.195393371590431,0.0697770486300924
polarized,7.321036364659589,0.0703955707077783
polarized,7.448873283882906,0.0710153035825415
polarized,7.578942438694532,0.0716360947206004
polarized,7.711282807472169,0.0722577855210222
polarized,7.845934049217885,0.0728802112144063
polarized,7.982936515442894,0.0735032007560531
polarized,8.122331262259861,0.0741265767319689
polarized,8.264160062686368,0.07475015525624
polarized,8.408465419163221,0.0753737458945245
polarized,8.555290576291311,0.075997151580153
polarized,8.704679533790936,0.0766201685439766
polarized,8.85667705968737,0.0772425862518115
polarized,9.01132870372669,0.0778641873511507
polarized,9.168680811025862,0.0784847476278622
polarized,9.32878053596118,0.0791040359719202
polarized,9.491675856299228,0.0797218143631241
polarized,9.65741558757456,0.0803378378533233
polarized,9.826049397718482,0.0809518545714694
polarized,9.99762782194324,0.0815636057490198
polarized,10.172202277886123,0.0821728257456211
polarized,10.349825081018022,0.0827792421009959
polarized,10.530549460320984,0.0833825755939305
polarized,10.714429574239634,0.0839825403296344
polarized,10.901520526911014,0.0845788438293061
polarized,11.091878384677894,0.0851711871632504
polarized,11.285560192890417,0.0857592650661386
polarized,11.482623993001113,0.0863427661064121
polarized,11.683128839958428,0.0869213728624107
polarized,11.887134819903972,0.0874947621160818
polarized,12.094703068178802,0.0880626050741954
polarized,12.305895787644094,0.0886245676113083
polarized,12.520776267321748,0.0891803105278926
polarized,12.73940890136047,0.0897294898486441
polarized,12.961859208333056,0.0902717571260986
polarized,13.188193850870617,0.0908067597758664
polarized,13.418480655639623,0.0913341414371495
polarized,13.652788633667866,0.0918535423546783
polarized,13.891188001025242,0.0923645997877329
polarized,14.13375019986572,0.0928669484277797
polarized,14.38054791983672,0.093360220877477
polarized,14.631655119862309,0.0938440481023216
polarized,14.887147050306812,0.0943180599427819
polarized,15.14710027552538,0.0947818856332729
polarized,15.411592696808391,0.095235154344874
polarized,15.680703575726438,0.0956774957483565
polarized,15.954513557882986,0.0961085405938839
polarized,16.23310469708179,0.0965279213243138
polarized,16.516560479916294,0.0969352726664053
polarized,16.804965850788438,0.0973302322890567
polarized,17.098407237364274,0.0977124414363515
polarized,17.39697257647414,0.0980815455880192
polarized,17.700751340465075,0.0984371951272965
polarized,18.009834564013335,0.0987790460167595
polarized,18.324314871405186,0.0991067604799841
polarized,18.64428650429398,0.0994200076867792
polarized,18.969845349942013,0.0997184644396317
polarized,19.301088969955376,0.1000018158567397
polarized,19.63811662952075,0.1002697560655875
polarized,19.98102932715257,0.100521988849829
polarized,20.329929824959702,0.1007582283499222
polarized,20.684922679440614,0.100978199693649
polarized,21.046114272816222,0.1011816396445812
polarized,21.413612844909963,0.1013682972234634
polarized,21.787528525584413,0.1015379343110195
polarized,22.167973367744448,0.1016903262282131
polarized,22.555061380916573,0.1018252622913455
polarized,22.94890856541464,0.1019425463394368
polarized,23.349632947102172,0.1020419972314293
polarized,23.75735461276167,0.10212344931086
polarized,24.172195746081535,0.102186752835774
polarized,24.59428066427135,0.1022317743717971
polarized,25.023735855316584,0.1022583971464411
polarized,25.46069001588377,0.1022665213629004
polarized,25.90527408988758,0.1022560644717802
polarized,26.357621307731343,0.1022269613994058
polarized,26.81786722623278,0.1021791647315757
polarized,27.286149769246897,0.1021126448518464
polarized,27.762609268998155,0.1020273900336699
polarized,28.247388508134527,0.1019234064859401
polarized,28.740632762515705,0.1018007183517524
polarized,29.242489844748555,0.1016593676604187
polarized,29.753110148482772,0.1014994142330281
polarized,30.272646693479956,0.1013209355420819
polarized,30.801255171469727,0.1011240265259696
polarized,31.33909399280646,0.1009087993592832
polarized,31.886324333940895,0.1006753831801877
polarized,32.4431101857205,0.1004239237762762
polarized,33.009618402533306,0.1001545832303236
polarized,33.586018752309926,0.0998675395305429
polarized,34.172483967398556,0.0995629861339343
polarized,34.769189796328504,0.0992411315189082
polarized,35.37631505647738,0.0989021986778651
polarized,35.9940416876582,0.0985464246006462
polarized,36.62255480664197,0.0981740597234845
polarized,37.26204276263245,0.0977853673550359
polarized,37.91269719370955,0.0973806230808881
polarized,38.57471308425834,0.0969601141492423
polarized,39.24828882340089,0.0965241388404847
polarized,39.93362626444824,0.0960730058211435
polarized,40.630930785390845,0.0956070335005938
polarized,41.34041135044492,0.0951265493462647
polarized,42.0622805726737,0.094631889238221
polarized,42.79675477770209,0.0941233967874824
polarized,43.544054068543915,0.0936014226675301
polarized,44.30440239156101,0.0930663239457833
polarized,45.07802760357436,0.092518463419244
polarized,45.8651615401468,0.0919582089591272
polarized,46.666040085058206,0.0913859328586945
polarized,47.48090324099377,0.0908020111996501
polarized,48.30999520146666,0.0902068232252075
polarized,49.153564423996535,0.089600750730002
polarized,50.01186370456576,0.0889841774662226
polarized,50.885150253376025,0.0883574885648538
polarized,51.773685771927504,0.0877210699803981
polarized,52.67773653144411,0.0870753079489263
polarized,53.597573452668094,0.0864205884707235
polarized,54.533472187048034,0.0857572968158661
polarized,55.48571319934451,0.085085817050741
polarized,56.45458185167806,0.0844065315842846
polarized,57.440368489045014,0.0837198207424866
polarized,58.44336852632634,0.0830260623638439
polarized,59.46388253681586,0.0823256314197539
polarized,60.50221634229438,0.0816188996594677
polarized,61.558681104676566,0.0809062352736964
polarized,62.6335934192582,0.0801880025914335
polarized,63.72727540959154,0.0794645617936938
polarized,64.84005482401761,0.0787362686443997
polarized,65.97226513388385,0.078003474267459
polarized,67.1242456334769,0.0772665249140707
polarized,68.29634154170037,0.0765257617758038
polarized,69.48890410552808,0.07578152080916
polarized,70.70229070526372,0.075034132582167
polarized,71.93686496163848,0.0742839221406595
polarized,73.19299684477892,0.0735312088934753
polarized,74.47106278507745,0.0727763065157489
polarized,75.7714457859988,0.0720195228694492
polarized,77.09453553885633,0.0712611599402838
polarized,78.44072853959251,0.0705015137903297
polarized,79.81042820759852,0.0697408745235979
polarized,81.20404500660855,0.0689795262692033
polarized,82.62199656770545,0.0682177471718367
polarized,84.06470781447385,0.0674558093979307
polarized,85.53261109033883,0.0666939791509491
polarized,87.02614628812817,0.0659325166967028
polarized,88.54576098189689,0.0651716763976197
polarized,90.0919105610537,0.0644117067539437
polarized,91.66505836682929,0.063652850454111
polarized,93.26567583112808,0.0628953444280421
polarized,94.89424261780408,0.0621394199077492
polarized,96.55124676640374,0.0613853024911552
polarized,98.23718483841893,0.0606332122092986
polarized,99.95256206609352,0.0598833635959053
polarized,101.69789250382873,0.0591359657584798
polarized,103.47369918223166,0.0583912224500984
polarized,105.2805142648544,0.0576493321411145
polarized,107.11887920766968,0.0569104880900191
polarized,108.98934492133094,0.0561748784127359
polarized,110.89247193626662,0.05544268614967
polarized,112.8288305706564,0.0547140893298674
polarized,114.79900110134092,0.0539892610316982
polarized,116.80357393771584,0.053268369439515
polarized,118.8431497986622,0.0525515778958021
polarized,120.91833989256664,0.0518390449483816
polarized,123.02976610048472,0.0511309243923138
polarized,125.17806116250252,0.0504273653061826
polarized,127.3638688673528,0.0497285120825421
polarized,129.58784424534176,0.0490345044523595
polarized,131.85065376464476,0.0483454775033802
polarized,134.1529755310298,0.0476615616927204
polarized,136.49549949106836,0.0469828828515988
polarized,138.8789276388941,0.0463095621888972
polarized,141.30397422657344,0.0456417162829276
polarized,143.77136597814763,0.0449794570726218
polarized,146.2818423074137,0.0443228918420397
polarized,148.83615553950762,0.0436721232008803
polarized,151.43507113635664,0.0430272490612698
polarized,154.0793679260688,0.0423883626117191
polarized,156.76983833632747,0.0417555522873969
polarized,159.50728863186157,0.0411289017422659
polarized,162.29253915606236,0.0405084898160217
polarized,165.12642457681932,0.0398943905046388
polarized,168.00979413664845,0.0392866729313417
polarized,170.94351190718862,0.0386854013161524
polarized,173.92845704814155,0.0380906349576563
polarized,176.9655240707328,0.037502428207731
polarized,180.0556231057748,0.0369208304570452
polarized,183.1996801764088,0.0363458861276466
polarized,186.39863747561049,0.0357776346684605
polarized,189.65345364854085,0.0352161105618828
polarized,192.96510407982765,0.0346613433364255
polarized,196.3345811858628,0.0341133575872278
polarized,199.76289471220431,0.0335721730143428
polarized,203.25107203617085,0.0330378044542446
polarized,206.8001584747202,0.0325102619403909
polarized,210.41121759770417,0.0319895507669121
polarized,214.08533154659287,0.0314756715535123
polarized,217.8236013587646,0.0309686203376385
polarized,221.6271472974588,0.0304683886683298
polarized,225.49710918748912,0.0299749637079859
polarized,229.43464675682105,0.0294883283529724
polarized,233.4409399841113,0.0290084613517539
polarized,237.51718945231772,0.028535337442433
polarized,241.6646167084828,0.0280689274972102
polarized,245.8844646297999,0.0276091986665279
polarized,250.17799779607168,0.0271561145390365
polarized,254.54650286867204,0.0267096353008388
polarized,258.9912889761254,0.0262697179073398
polarized,263.51368810641884,0.0258363162462175
polarized,268.1150555061646,0.0254093813221603
polarized,272.79677008673275,0.0249888614224275
polarized,277.5602348374751,0.0245747023010797
polarized,282.4068772461656,0.0241668473551456
polarized,287.3381497267805,0.0237652377997442
polarized,292.35553005475094,0.0233698128465645
polarized,297.46052180981326,0.0229805098728551
polarized,302.6546548265934,0.0225972645964339
polarized,307.9394856530588,0.0222200112370642
polarized,313.3165980169761,0.0218486826817794
polarized,318.78760330051324,0.0214832106406234
polarized,324.35414102312933,0.0211235257978137
polarized,330.01787933289654,0.0207695579590416
polarized,335.78051550640106,0.0204212361863672
polarized,341.6437764573731,0.0200784889393258
polarized,347.60941925419866,0.019741244193336
polarized,353.6792316464676,0.0194094295633887
polarized,359.8550326007166,0.0190829724164394
polarized,366.13867284552504,0.0187617999739412
polarized,372.53203542613306,0.0184458394168461
polarized,379.03703626874017,0.0181350179722388
polarized,385.65562475465936,0.0178292629999866
polarized,392.38978430449663,0.0175285020727136
polarized,399.24153297253105,0.0172326630473573
polarized,406.2129240514736,0.0169416741314276
polarized,413.30604668778625,0.0166554639442074
polarized,420.5230265077452,0.0163739615700023
polarized,427.8660262544367,0.0160970966091528
polarized,435.3372464358751,0.015824799221298
polarized,442.9389259844387,0.0155570001654171
polarized,450.6733429278206,0.0152936308346816
polarized,458.5428150716929,0.0150346232873379
polarized,466.54970069429663,0.0147799102737412
polarized,474.6963992531545,0.0145294252594888
polarized,482.98535210412774,0.0142831024456113
polarized,491.4190432330272,0.0140408767853436
polarized,500.0,0.0138026839982951
mixed,1.0,0.0393569733755836
mixed,1.017461587793829,0.0396883879413392
mixed,1.0352280826359388,0.0400224421555411
mixed,1.0533048086875232,0.0403591525680862
mixed,1.0716971830780824,0.0406985356664044
mixed,1.0904107175287991,0.0410406078672778
mixed,1.1094510200042598,0.0413853855082967
mixed,1.128823796393017,0.041732884838927
mixed,1.1485348522174963,0.0420831220111986
mixed,1.1685900943737644,0.0424361130699687
mixed,1.1889955329016704,0.0427918739427738
mixed,1.2097572827859029,0.0431504204292363
mixed,1.2308815657884926,0.0435117681900139
mixed,1.2523747123133138,0.0438759327363929
mixed,1.2742431633031437,0.0442429294127438
mixed,1.2964934721698471,0.0446127733950582
mixed,1.3191323067582668,0.0449854796668532
mixed,1.342166451344402,0.0453610630111142
mixed,1.3656028086684835,0.0457395379951154
mixed,1.3894484020035474,0.0461209189552749
mixed,1.4137103772601272,0.0465052199826431
mixed,1.4383960051277016,0.0468924549061091
mixed,1.4635126832535312,0.0472826372762133
mixed,1.4890679384595449,0.0476757803477792
mixed,1.5150694289979314,0.0480718970619512
mixed,1.5415249468461245,0.0484710000275127
mixed,1.5684424200418552,0.0488731015014653
mixed,1.595829915058981,0.0492782133688548
mixed,1.6236956392248016,0.0496863471218294
mixed,1.6520479431795825,0.0500975138378061
mixed,1.6808953233790265,0.0505117241569249
mixed,1.7102464246404454,0.0509289882585493
mixed,1.740110042733386,0.0513493158380128
mixed,1.7704951270154978,0.0517727160758314
mixed,1.8014107831144248,0.0521991976225197
mixed,1.8328662756565268,0.0526287685603701
mixed,1.8648710310432512,0.0530614363807933
mixed,1.8974346402759803,0.0534972079541374
mixed,1.9305668618302112,0.0539360894987303
mixed,1.964277624579916,0.054378086550929
mixed,1.998577030772971,0.0548232039312591
mixed,2.033475359058543,0.0552714457115229
mixed,2.06898306756733,0.0557228151798777
mixed,2.1051107970456027,0.0561773148048703
mixed,2.1418693740439507,0.0566349461982368
mixed,2.1792698141617324,0.0570957100764385
mixed,2.217323325348158,0.0575596062209317
mixed,2.2560413112610287,0.058026633437092
mixed,2.295435374684118,0.0584967895118199
mixed,2.3355173210042244,0.0589700711697643
mixed,2.376299161748947,0.0594464740281448
mixed,2.4177931181862276,0.0599259925501709
mixed,2.4600116249867514,0.0604086199969777
mixed,2.5029673339502967,0.0608943483781167
mixed,2.546673117797155,0.0613831684005354
mixed,2.591142074025753,0.0618750694160358
mixed,2.636387528837637,0.0623700393672157
mixed,2.68242304113099,0.062868064731816
mixed,2.729262406563888,0.063369130465523
mixed,2.7769196616884995,0.0638732199431656
mixed,2.8254090881574823,0.0643803148983225
mixed,2.874745217003825,0.0648903953608411
mixed,2.9249428329954266,0.0654034395955279
mixed,2.976016979065706,0.0659194240322645
mixed,3.0279829608215865,0.0664383232037611
mixed,3.08085635113019,0.0669601096747551
mixed,3.134652994785624,0.0674847539719599
mixed,3.189389013257261,0.068012224514359
mixed,3.2450808095209256,0.0685424875359199
mixed,3.301745072974444,0.0690755070147322
mixed,3.3593987844390276,0.0696112445946121
mixed,3.418059221247992,0.0701496595076263
mixed,3.4777439624243187,0.0706907084947056
mixed,3.538470893948648,0.0712343457248769
mixed,3.60025821411924,0.0717805227131095
mixed,3.663124439005536,0.0723291882368513
mixed,3.72708840799695,0.072880288251351
mixed,3.79216928944855,0.0734337658037739
mixed,3.858386586425317,0.0739895609462773
mixed,3.9257601425467135,0.0745476106480858
mixed,3.9943101479333056,0.0751078487066864
mixed,4.064057145257223,0.0756702056582893
mixed,4.135022035898269,0.0762346086876093
mixed,4.207226086207523,0.0768009815371883
mixed,4.280690933880321,0.0773692444163568
mixed,4.35543859444052,0.077939313910009
mixed,4.431491467837972,0.0785111028873956
mixed,4.508872345161228,0.0790845204122213
mixed,4.587604415467426,0.0796594716462332
mixed,4.667711272731467,0.0802358577707273
mixed,4.749216922916511,0.0808135758858005
mixed,4.832145791167954,0.0813925189280348
mixed,4.916522729133014,0.0819725755825928
mixed,5.002373022408124,0.0825536301981264
mixed,5.089722398116383,0.083135562703626
mixed,5.178597032617307,0.0837182485275274
mixed,5.269023559351216,0.0843015585194073
mixed,5.361029076820579,0.0848853588746521
mixed,5.454641156710748,0.0854695110600803
mixed,5.5498878521524855,0.0860538717571905
mixed,5.646797706128749,0.0866382927747764
mixed,5.745399760028305,0.087222621012358
mixed,5.845723562348681,0.0878066983938457
mixed,5.947799177551087,0.088390361820536
mixed,6.051657195069956,0.0889734431286275
mixed,6.1573287384798245,0.0895557690470893
mixed,6.2648454748222555,0.0901371611775049
mixed,6.374239624095634,0.0907174359611037
mixed,6.48554396891068,0.0912964046688114
mixed,6.598791864314551,0.0918738733936932
mixed,6.714017247786481,0.0924496430557818
mixed,6.831254649407985,0.0930235094016183
mixed,6.950539202210622,0.0935952630509107
mixed,7.071906652704471,0.0941646895043466
mixed,7.195393371590431,0.0947315691996366
mixed,7.321036364659589,0.0952956775644543
mixed,7.448873283882906,0.0958567850840393
mixed,7.578942438694532,0.096414657381614
mixed,7.711282807472169,0.0969690553120752
mixed,7.845934049217885,0.0975197350694851
mixed,7.982936515442894,0.0980664483088354
mixed,8.122331262259861,0.0986089422825464
mixed,8.264160062686368,0.0991469599921614
mixed,8.408465419163221,0.0996802403555557
mixed,8.555290576291311,0.1002085183901405
mixed,8.704679533790936,0.1007315254121468
mixed,8.85667705968737,0.1012489892527997
mixed,9.01132870372669,0.1017606344907422
mixed,9.168680811025862,0.1022661827017297
mixed,9.32878053596118,0.1027653527252165
mixed,9.491675856299228,0.1032578609479728
mixed,9.65741558757456,0.1037434216047718
mixed,9.826049397718482,0.1042217470959846
mixed,9.99762782194324,0.1046925483218617
mixed,10.172202277886123,0.1051555350334381
mixed,10.349825081018022,0.1056104161993689
mixed,10.530549460320984,0.1060569003885964
mixed,10.714429574239634,0.1064946961681079
mixed,10.901520526911014,0.1069235125152705
mixed,11.091878384677894,0.1073430592439147
mixed,11.285560192890417,0.1077530474434579
mixed,11.482623993001113,0.1081531899328389
mixed,11.683128839958428,0.1085432017089867
mixed,11.887134819903972,0.1089228004465561
mixed,12.094703068178802,0.1092917069513176
mixed,12.305895787644094,0.1096496456623111
mixed,12.520776267321748,0.1099963451435279
mixed,12.73940890136047,0.1103315385829341
mixed,12.961859208333056,0.1106549642945226
mixed,13.188193850870617,0.1109663662218009
mixed,13.418480655639623,0.1112654944409425
mixed,13.652788633667866,0.1115521056619493
mixed,13.891188001025242,0.1118259637259624
mixed,14.13375019986572,0.1120868400968859
mixed,14.38054791983672,0.1123345143454668
mixed,14.631655119862309,0.112568774625159
mixed,14.887147050306812,0.1127894181292023
mixed,15.14710027552538,0.1129962515530502
mixed,15.411592696808391,0.1131890915168484
mixed,15.680703575726438,0.1133677649895317
mixed,15.954513557882986,0.113532109686652
mixed,16.23310469708179,0.1136819744488749
mixed,16.516560479916294,0.1138172195981872
mixed,16.804965850788438,0.1139377172701993
mixed,17.098407237364274,0.1140433517210115
mixed,17.39697257647414,0.1141340196071913
mixed,17.700751340465075,0.114209630237575
mixed,18.009834564013335,0.1142701057956592
mixed,18.324314871405186,0.1143153815315344
mixed,18.64428650429398,0.1143454059224344
mixed,18.969845349942013,0.114360140801108
mixed,19.301088969955376,0.1143595614513987
mixed,19.63811662952075,0.1143436566705621
mixed,19.98102932715257,0.1143124287980145
mixed,20.329929824959702,0.1142658937103698
mixed,20.684922679440614,0.1142040807828096
mixed,21.046114272816222,0.1141270328169447
mixed,21.413612844909963,0.1140348059355643
mixed,21.787528525584413,0.1139274694447622
mixed,22.167973367744448,0.1138051056641308
mixed,22.555061380916573,0.1136678097258463
mixed,22.94890856541464,0.1135156893436194
mixed,23.349632947102172,0.1133488645526129
mixed,23.75735461276167,0.1131674674215894
mixed,24.172195746081535,0.1129716417386124
mixed,24.59428066427135,0.1127615426718
mixed,25.023735855316584,0.1125373364086648
mixed,25.46069001588377,0.112299199761717
mixed,25.90527408988758,0.1120473197840412
mixed,26.357621307731343,0.1117818933266137
mixed,26.81786722623278,0.1115031266092185
mixed,27.286149769246897,0.1112112347648265
mixed,27.762609268998155,0.1109064413732941
mixed,28.247388508134527,0.1105889779843404
mixed,28.740632762515705,0.1102590836316479
mixed,29.242489844748555,0.1099170043399949
mixed,29.753110148482772,0.1095629926273123
mixed,30.272646693479956,0.1091973070034422
mixed,30.801255171469727,0.1088202114674014
mixed,31.33909399280646,0.1084319750049096
mixed,31.886324333940895,0.1080328710878106
mixed,32.4431101857205,0.1076231771770062
mixed,33.009618402533306,0.1072031742304419
mixed,33.586018752309926,0.1067731462175458
mixed,34.172483967398556,0.1063333796415275
mixed,34.769189796328504,0.1058841630707715
mixed,35.37631505647738,0.1054257866804945
mixed,35.9940416876582,0.1049585418057924
mixed,36.62255480664197,0.104482720506986
mixed,37.26204276263245,0.1039986151460743
mixed,37.91269719370955,0.1035065179899769
mixed,38.57471308425834,0.1030067207965023
mixed,39.24828882340089,0.1024995144582246
mixed,39.93362626444824,0.1019851886301913
mixed,40.630930785390845,0.1014640313865756
mixed,41.34041135044492,0.1009363288917927
mixed,42.0622805726737,0.1004023650882815
mixed,42.79675477770209,0.0998624214012403
mixed,43.544054068543915,0.0993167764603435
mixed,44.30440239156101,0.0987657058384587
mixed,45.07802760357436,0.0982094818072786
mixed,45.8651615401468,0.0976483731097378
mixed,46.666040085058206,0.0970826447491215
mixed,47.48090324099377,0.0965125577944817
mixed,48.30999520146666,0.0959383692021613
mixed,49.153564423996535,0.0953603316531061
mixed,50.01186370456576,0.094778693405545
mixed,50.885150253376025,0.0941936981626452
mixed,51.773685771927504,0.0936055849547041
mixed,52.67773653144411,0.0930145880354511
mixed,53.597573452668094,0.0924209367918772
mixed,54.533472187048034,0.0918248556671875
mixed,55.48571319934451,0.0912265640962819
mixed,56.45458185167806,0.0906262764532849
mixed,57.440368489045014,0.0900242020105107
mixed,58.44336852632634,0.0894205449084241
mixed,59.46388253681586,0.0888155041359229
mixed,60.50221634229438,0.0882092735204857
mixed,61.558681104676566,0.0876020417276063
mixed,62.6335934192582,0.086993992268977
mixed,63.72727540959154,0.0863853035188664
mixed,64.84005482401761,0.0857761487382182
mixed,65.97226513388385,0.085166696105897
mixed,67.1242456334769,0.0845571087566192
mixed,68.29634154170037,0.0839475448250571
mixed,69.48890410552808,0.083338157495642
mixed,70.70229070526372,0.0827290950576659
mixed,71.93686496163848,0.0821205009650959
mixed,73.19299684477892,0.0815125139008264
mixed,74.47106278507745,0.0809052678448677
mixed,75.7714457859988,0.0802988921461126
mixed,77.09453553885633,0.0796935115972497
mixed,78.44072853959251,0.079089246514757
mixed,79.81042820759852,0.0784862128081822
mixed,81.20404500660855,0.0778845220844527
mixed,82.62199656770545,0.0772842817102348
mixed,84.06470781447385,0.0766855949086919
mixed,85.53261109033883,0.0760885608455349
mixed,87.02614628812817,0.0754932747114342
mixed,88.54576098189689,0.0748998278222984
mixed,90.0919105610537,0.0743083076973384
mixed,91.66505836682929,0.0737187981545281
mixed,93.26567583112808,0.0731313794014121
mixed,94.89424261780408,0.0725461281149422
mixed,96.55124676640374,0.0719631175511875
mixed,98.23718483841893,0.0713824176145821
mixed,99.95256206609352,0.0708040949567168
mixed,101.69789250382873,0.0702282130624634
mixed,103.47369918223166,0.0696548323373102
mixed,105.2805142648544,0.0690840101938396
mixed,107.11887920766968,0.068515801137205
mixed,108.98934492133094,0.0679502568495362
mixed,110.89247193626662,0.0673874262732045
mixed,112.8288305706564,0.0668273556928287
mixed,114.79900110134092,0.0662700888160212
mixed,116.80357393771584,0.065715666852754
mixed,118.8431497986622,0.0651641285933635
mixed,120.91833989256664,0.0646155104850723
mixed,123.02976610048472,0.0640698467070685
mixed,125.17806116250252,0.0635271692440538
mixed,127.3638688673528,0.0629875079582713
mixed,129.58784424534176,0.0624508906599955
mixed,131.85065376464476,0.0619173431764287
mixed,134.1529755310298,0.0613868894190479
mixed,136.49549949106836,0.0608595514493499
mixed,138.8789276388941,0.0603353495430468
mixed,141.30397422657344,0.0598143022526437
mixed,143.77136597814763,0.0592964264684599
mixed,146.2818423074137,0.0587817374780907
mixed,148.83615553950762,0.0582702490242785
mixed,151.43507113635664,0.0577619733612901
mixed,154.0793679260688,0.0572569213097115
mixed,156.76983833632747,0.0567551023097715
mixed,159.50728863186157,0.0562565244731261
mixed,162.29253915606236,0.05576119463324
mixed,165.12642457681932,0.0552691183942354
mixed,168.00979413664845,0.0547803001783659
mixed,170.94351190718862,0.0542947432720659
mixed,173.92845704814155,0.0538124498706212
mixed,176.9655240707328,0.0533334211214929
mixed,180.0556231057748,0.0528576571662984
mixed,183.1996801764088,0.0523851571815102
mixed,186.39863747561049,0.051915919417859
mixed,189.65345364854085,0.0514499412387899
mixed,192.96510407982765,0.0509872191560332
mixed,196.3345811858628,0.0505277488681052
mixed,199.76289471220431,0.0500715252921802
mixed,203.25107203617085,0.0496185425988998
mixed,206.8001584747202,0.0491687942444837
mixed,210.41121759770417,0.0487222730019954
mixed,214.08533154659287,0.0482789709915783
mixed,217.8236013587646,0.0478388797096617
mixed,221.6271472974588,0.0474019900571746
mixed,225.49710918748912,0.0469682923667972
mixed,229.43464675682105,0.0465377764292531
mixed,233.4409399841113,0.0461104315187043
mixed,237.51718945231772,0.0456862464159899
mixed,241.6646167084828,0.0452652094385828
mixed,245.8844646297999,0.0448473084507327
mixed,250.17799779607168,0.0444325308980994
mixed,254.54650286867204,0.0440208638228877
mixed,258.9912889761254,0.0436122938842688
mixed,263.51368810641884,0.0432068073805746
mixed,268.1150555061646,0.0428043902657578
mixed,272.79677008673275,0.0424050281689108
mixed,277.5602348374751,0.0420087064116097
mixed,282.4068772461656,0.0416154100248355
mixed,287.3381497267805,0.0412251237652887
mixed,292.35553005475094,0.0408378321310578
mixed,297.46052180981326,0.0404535193767254
mixed,302.6546548265934,0.0400721695278768
mixed,307.9394856530588,0.0396937663950472
mixed,313.3165980169761,0.0393182935871513
mixed,318.78760330051324,0.0389457345243786
mixed,324.35414102312933,0.0385760724505742
mixed,330.01787933289654,0.0382092904451636
mixed,335.78051550640106,0.0378453714345509
mixed,341.6437764573731,0.0374842982031286
mixed,347.60941925419866,0.0371260534037921
mixed,353.6792316464676,0.036770619568055
mixed,359.8550326007166,0.0364179791157379
mixed,366.13867284552504,0.0360681143638574
mixed,372.53203542613306,0.0357210075376262
mixed,379.03703626874017,0.0353766407748011
mixed,385.65562475465936,0.0350349961380651
mixed,392.38978430449663,0.0346960556197386
mixed,399.24153297253105,0.0343598011547901
mixed,406.2129240514736,0.0340262146178274
mixed,413.30604668778625,0.0336952778401403
mixed,420.5230265077452,0.0333669726120363
mixed,427.8660262544367,0.0330412806857771
mixed,435.3372464358751,0.0327181837902507
mixed,442.9389259844387,0.0323976636279934
mixed,450.6733429278206,0.032079701885654
mixed,458.5428150716929,0.0317642802348956
mixed,466.54970069429663,0.0314513803441909
mixed,474.6963992531545,0.0311409838766657
mixed,482.98535210412774,0.0308330724985251
mixed,491.4190432330272,0.0305276278799734
mixed,500.0,0.0302246317045486
