architecture,K_D,K_C,n_binders,n_cleavers,mean_attachments,attachment_probability,speed,orientational_persistence_time,active_diffusivity,mobile_fraction,local_depletion_probability,receptor_contrast,persistence_length,diffusivity_shift
polarized,100.0,0.0,10.0,10.0,0.5274619862312134,0.0527461986231213,0.0,397.5347811032656,0.0,1.0,0.0,0.0,0.0,0.0
polarized,100.0,0.01,10.0,10.0,0.5274619862312134,0.0527461986231213,0.0032605530078137,397.5347811032656,0.0016901328130619,1.0,0.0017312003895968,0.0529094083192224,1.2961832262368378,0.0016901328130619
polarized,100.0,0.0108047182231812,10.0,10.0,0.5274619862312134,0.0527461986231213,0.0033874738743171,397.5347811032656,0.0018242746034731,1.0,0.0018704384744746,0.0549659809381612,1.3466386851196817,0.0018242746034731
polarized,100.0,0.0116741935882345,10.0,10.0,0.5274619862312134,0.0527461986231213,0.0035192628577038,397.5347811032656,0.0019689818611193,1.0,0.0020208687744642,0.0571011977371983,1.399029389782161,0.0019689818611193
polarized,100.0,0.0126136372203744,10.0,10.0,0.5274619862312134,0.0527461986231213,0.0036561007304505,397.5347811032656,0.0021250766949909,1.0,0.0021833898475494,0.0593179603439694,1.4534272035711306,0.0021250766949909
polarized,100.0,0.0136286795935577,10.0,10.0,0.5274619862312134,0.0527461986231213,0.0037981744806986,397.5347811032656,0.0022934439264338,1.0,0.0023589722080462,0.0616192686567612,1.509906460776544,0.0022934439264338
polarized,100.0,0.0147254042762412,10.0,10.0,0.5274619862312134,0.0527461986231213,0.0039456774828527,397.5347811032656,0.0024750357145554,1.0,0.0025486640579018,0.0640082234157193,1.5685440344499504,0.0024750357145554
polarized,100.0,0.0159103843927215,10.0,10.0,0.5274619862312134,0.0527461986231213,0.0040988096687943,397.5347811032656,0.0026708765024792,1.0,0.0027535974692636,0.0664880287702819,1.6294194044681107,0.0026708765024792
polarized,100.0,0.0171907220185857,10.0,10.0,0.5274619862312134,0.0527461986231213,0.004257777699237,397.5347811032656,0.0028820683040318,1.0,0.002974995052922,0.0690619948341337,1.692614725652583,0.0028820683040318
polarized,100.0,0.0185740907463857,10.0,10.0,0.5274619862312134,0.0527461986231213,0.0044227951346777,397.5347811032656,0.0031097963512599,1.0,0.0032141771498016,0.0717335402180606,1.7582148957287131,0.0031097963512599
polarized,100.0,0.0200687816766496,10.0,10.0,0.5274619862312134,0.0527461986231213,0.0045940826053363,397.5347811032656,0.0033553351239779,1.0,0.0034725695852679,0.0745061945298943,1.826307622882688,0.0033553351239779
polarized,100.0,0.0216837531098743,10.0,10.0,0.5274619862312134,0.0527461986231213,0.0047718679794022,397.5347811032656,0.0036200547833055,1.0,0.0037517120288841,0.0773836008295334,1.896983492645366,0.0036200547833055
polarized,100.0,0.0234286842373223,10.0,10.0,0.5274619862312134,0.0527461986231213,0.0049563865288254,397.5347811032656,0.0039054280318659,1.0,0.0040532670051603,0.0803695180256683,1.9703360337997908,0.0039054280318659
polarized,100.0,0.0253140331524156,10.0,10.0,0.5274619862312134,0.0527461986231213,0.0051478810917975,397.5347811032656,0.004213037423951,1.0,0.0043790296040607,0.0834678231994131,2.0464617829733966,0.004213037423951
polarized,100.0,0.027351099530412,10.0,10.0,0.5274619862312134,0.0527461986231213,0.0053466022309787,397.5347811032656,0.0045445831495188,1.0,0.0047309379432391,0.0866825138383933,2.125460347538355,0.0045445831495188
polarized,100.0,0.0295520923520288,10.0,10.0,0.5274619862312134,0.0527461986231213,0.0055528083864113,397.5347811032656,0.0049018913163168,1.0,0.0051110844374942,0.0900177099631385,2.2074344664004033,0.0049018913163168
polarized,100.0,0.0319302030769102,10.0,10.0,0.5274619862312134,0.0527461986231213,0.0057667660219514,397.5347811032656,0.0052869227547292,1.0,0.0055217279344916,0.0934776561257239,2.2924900682102063,0.0052869227547292
polarized,100.0,0.0344996847054971,10.0,10.0,0.5274619862312134,0.0527461986231213,0.0059887497639193,397.5347811032656,0.00570178237007,1.0,0.0059653067796188,0.0970667232584839,2.3807363264819106,0.00570178237007
polarized,100.0,0.0372759372031493,10.0,10.0,0.5274619862312134,0.0527461986231213,0.0062190425305293,397.5347811032656,0.0061487290669564,1.0,0.0064444528765998,0.100789410348446,2.472285711045898,0.0061487290669564
polarized,100.0,0.0402755997985029,10.0,10.0,0.5274619862312134,0.0527461986231213,0.0064579356505088,397.5347811032656,0.0066301862700653,1.0,0.0069620068146285,0.1046503459106001,2.5672540352039928,0.0066301862700653
polarized,100.0,0.0435166507092441,10.0,10.0,0.5274619862312134,0.0527461986231213,0.0067057289691747,397.5347811032656,0.0071487530649988,1.0,0.0075210341367318,0.1086542892300703,2.6657604978987055,0.0071487530649988
polarized,100.0,0.0470185148929985,10.0,10.0,0.5274619862312134,0.0527461986231213,0.0069627309400591,397.5347811032656,0.0077072159820213,1.0,0.0081248428282246,0.1128061313402751,2.767927720137359,0.0077072159820213
polarized,100.0,0.0508021804691302,10.0,10.0,0.5274619862312134,0.0527461986231213,0.0072292586987395,397.5347811032656,0.0083085614412119,1.0,0.0087770021082648,0.1171108957197666,2.8738817743422937,0.0083085614412119
polarized,100.0,0.0548903245092155,10.0,10.0,0.5274619862312134,0.0527461986231213,0.0075056381218679,397.5347811032656,0.0089559888904837,1.0,0.0094813626115508,0.1215737385871619,2.9837522078171066,0.0089559888904837
polarized,100.0,0.0593074489501055,10.0,10.0,0.5274619862312134,0.0527461986231213,0.0077922038569259,397.5347811032656,0.0096529246265635,1.0,0.0102420780510943,0.1261999489322465,3.0976720545750664,0.0096529246265635
polarized,100.0,0.06408002744416,10.0,10.0,0.5274619862312134,0.0527461986231213,0.0080892993356116,397.5347811032656,0.0104030363484042,1.0,0.0110636284567832,0.1309949479962717,3.215777840661172,0.0104030363484042
polarized,100.0,0.0692366640267872,10.0,10.0,0.5274619862312134,0.0527461986231213,0.008397276754598,397.5347811032656,0.0112102484231017,1.0,0.0119508450877956,0.1359642883498781,3.338209576502691,0.0112102484231017
polarized,100.0,0.0748082645522508,10.0,10.0,0.5274619862312134,0.0527461986231213,0.0087164970269636,397.5347811032656,0.0120787578848119,1.0,0.0129089371197558,0.1411136524096714,3.4651107376012744,0.0120787578848119
polarized,100.0,0.0808282219252271,10.0,10.0,0.5274619862312134,0.0527461986231213,0.0090473296985353,397.5347811032656,0.0130130511614385,1.0,0.0139435202098886,0.1464488503620306,3.596628231276338,0.0130130511614385
polarized,100.0,0.0873326162382843,10.0,10.0,0.5274619862312134,0.0527461986231213,0.0093901528252339,397.5347811032656,0.0140179215219681,1.0,0.0150606470447588,0.1519758174232349,3.732912347905592,0.0140179215219681
polarized,100.0,0.0943604310147889,10.0,10.0,0.5274619862312134,0.0527461986231213,0.0097453528068618,397.5347811032656,0.0150984872284306,1.0,0.0162668399754326,0.1577006103625666,3.8741166948499233,0.0150984872284306
polarized,100.0,0.101953786853273,10.0,10.0,0.5274619862312134,0.0527461986231213,0.0101133241723292,397.5347811032656,0.0162602103665928,1.0,0.0175691258438852,0.1636294032083943,4.020398111073268,0.0162602103665928
polarized,100.0,0.1101581938735899,10.0,10.0,0.5274619862312134,0.0527461986231213,0.0104944693108333,397.5347811032656,0.0175089163178759,1.0,0.0189750731014275,0.1697684820499569,4.171916560277091,0.0175089163178759
polarized,100.0,0.1190228244778715,10.0,10.0,0.5274619862312134,0.0527461986231213,0.0108891981429939,397.5347811032656,0.0188508138214191,1.0,0.0204928313148448,0.1761242388394986,4.328835000165174,0.0188508138214191
polarized,100.0,0.1286008080610566,10.0,10.0,0.5274619862312134,0.0527461986231213,0.0112979277253546,397.5347811032656,0.0202925155592922,1.0,0.0221311731479563,0.182703164091127,4.491319225219391,0.0202925155592922
polarized,100.0,0.1389495494373137,10.0,10.0,0.5274619862312134,0.0527461986231213,0.0117210817810612,397.5347811032656,0.0218410591795061,1.0,0.023899538894911,0.1895118383631742,4.659537680127655,0.0218410591795061
polarized,100.0,0.1501310728908173,10.0,10.0,0.5274619862312134,0.0527461986231213,0.0121590901488337,397.5347811032656,0.0235039286501429,1.0,0.0258080836259842,0.1965569224009066,4.833661240731487,0.0235039286501429
polarized,100.0,0.1622123939129172,10.0,10.0,0.5274619862312134,0.0527461986231213,0.0126123881416203,397.5347811032656,0.0252890758133898,1.0,0.0278677269858348,0.2038451458054577,5.0138629590684705,0.0252890758133898
polarized,100.0,0.1752659208536758,10.0,10.0,0.5274619862312134,0.0527461986231213,0.0130814158055104,397.5347811032656,0.0272049419800503,1.0,0.0300902056572039,0.2113832940830595,5.200317768764386,0.0272049419800503
polarized,100.0,0.189369888895036,10.0,10.0,0.5274619862312134,0.0527461986231213,0.0135666170689221,397.5347811032656,0.0292604793741461,1.0,0.0324881284684247,0.2191781939114038,5.393202146805791,0.0292604793741461
polarized,100.0,0.2046088289466012,10.0,10.0,0.5274619862312134,0.0527461986231213,0.0140684387686717,397.5347811032656,0.0314651721897318,1.0,0.0350750340794227,0.2272366964811187,5.592693726368606,0.0314651721897318
polarized,100.0,0.2210740742743124,10.0,10.0,0.5274619862312134,0.0527461986231213,0.0145873295470854,397.5347811032656,0.0338290570170892,1.0,0.0378654511259769,0.2355656586330603,5.798970858381821,0.0338290570170892
polarized,100.0,0.2388643078984598,10.0,10.0,0.5274619862312134,0.0527461986231213,0.0151237385960239,397.5347811032656,0.0363627422736886,1.0,0.0408749606341432,0.2441719217404546,6.012212112233384,0.0363627422736886
polarized,100.0,0.2580861540418074,10.0,10.0,0.5274619862312134,0.0527461986231213,0.0156781142439304,397.5347811032656,0.0390774263138526,1.0,0.0441202604328392,0.2530622879618768,6.232595714072895,0.0390774263138526
polarized,100.0,0.278854817172629,10.0,10.0,0.5274619862312134,0.0527461986231213,0.0162509023635318,397.5347811032656,0.0419849137559771,1.0,0.0476192311898461,0.2622434937167014,6.460298913817184,0.0419849137559771
polarized,100.0,0.301294772472699,10.0,10.0,0.5274619862312134,0.0527461986231213,0.0168425445849743,397.5347811032656,0.0450976295344535,1.0,0.0513910035714635,0.2717221800921885,6.695497274809781,0.0450976295344535
polarized,100.0,0.3255405118685032,10.0,10.0,0.5274619862312134,0.0527461986231213,0.0174534762951806,397.5347811032656,0.0484286300956203,1.0,0.055456025874226,0.2815048599046295,6.938363878495666,0.0484286300956203
polarized,100.0,0.351737350096938,10.0,10.0,0.5274619862312134,0.0527461986231213,0.0180841244028783,397.5347811032656,0.0519916110720477,1.0,0.0598361312940945,0.2915978811090005,7.18906843594248,0.0519916110720477
polarized,100.0,0.3800422956365883,10.0,10.0,0.5274619862312134,0.0527461986231213,0.0187349048469266,397.5347811032656,0.0558009106727223,1.0,0.0645546037786028,0.3020073862271788,7.447776297313506,0.0558009106727223
polarized,100.0,0.4106249917244298,10.0,10.0,0.5274619862312134,0.0527461986231213,0.0194062198236903,397.5347811032656,0.0598715079195158,1.0,0.0696362411444189,0.3127392674376017,7.714647349652597,0.0598715079195158
polarized,100.0,0.4436687330978611,10.0,10.0,0.5274619862312134,0.0527461986231213,0.0200984547071631,397.5347811032656,0.0642190147412475,1.0,0.0751074138295723,0.3237991169410513,7.989834792525986,0.0642190147412475
polarized,100.0,0.4793715645558216,10.0,10.0,0.5274619862312134,0.0527461986231213,0.0208119746331768,397.5347811032656,0.0688596608039577,1.0,0.0809961172784648,0.3351921721897622,8.273483780126655,0.0688596608039577
polarized,100.0,0.517947467923121,10.0,10.0,0.5274619862312134,0.0527461986231213,0.0215471207173934,397.5347811032656,0.0738102698156608,1.0,0.0873320155200378,0.3469232555268352,8.565729917794648,0.0738102698156608
polarized,100.0,0.5596276445319552,10.0,10.0,0.5274619862312134,0.0527461986231213,0.0223042058730139,397.5347811032656,0.0790882258770891,1.0,0.0941464729860711,0.35899670776771,8.86669759941076,0.0790882258770891
polarized,100.0,0.6046619009070435,10.0,10.0,0.5274619862312134,0.0527461986231213,0.023083510193272,397.5347811032656,0.0847114282884574,1.0,0.1014725710179886,0.3714163151995246,9.17649817177739,0.0847114282884574
polarized,100.0,0.6533201459593774,10.0,10.0,0.5274619862312134,0.0527461986231213,0.0238852758598363,397.5347811032656,0.0906982330276964,1.0,0.1093451048173688,0.3841852294570449,9.495227910531154,0.0906982330276964
polarized,100.0,0.7058940086618741,10.0,10.0,0.5274619862312134,0.0527461986231213,0.024709701536246,397.5347811032656,0.0970673789203182,1.0,0.1178005557991532,0.3973058796901786,9.822965791338587,0.0970673789203182
polarized,100.0,0.7626985859023444,10.0,10.0,0.5274619862312134,0.0527461986231213,0.0255569362026762,397.5347811032656,0.1038378963079982,1.0,0.1268770334000744,0.4107798764060923,10.159771039001017,0.1038378963079982
polarized,100.0,0.8240743309893657,10.0,10.0,0.5274619862312134,0.0527461986231213,0.0264270723859197,397.5347811032656,0.1110289958017697,1.0,0.1366141793747253,0.4246079063342207,10.50568043613674,0.1110289958017697
polarized,100.0,0.890389094129673,10.0,10.0,0.5274619862312134,0.0527461986231213,0.0273201387347347,397.5347811032656,0.1186599344642046,1.0,0.1470530264789055,0.4387896176489437,10.860705371623617,0.1186599344642046
polarized,100.0,0.9620403271064756,10.0,10.0,0.5274619862312134,0.0527461986231213,0.0282360918933843,397.5347811032656,0.1267498565713305,1.0,0.1582358022034897,0.4533234948029191,11.224828610048256,0.1267498565713305
polarized,100.0,1.0394574653722626,10.0,10.0,0.5274619862312134,0.0527461986231213,0.0291748076150222,397.5347811032656,0.135317605793627,1.0,0.1702056669020217,0.4682067223225611,11.598000758967745,0.135317605793627
polarized,100.0,1.1231045018329515,10.0,10.0,0.5274619862312134,0.0527461986231213,0.0301360710676844,397.5347811032656,0.144381505516277,1.0,0.1830063742869609,0.4834350367677834,11.98013641520438,0.144381505516277
polarized,100.0,1.213482767749143,10.0,10.0,0.5274619862312134,0.0527461986231213,0.0311195662762542,397.5347811032656,0.1539591037413309,1.0,0.1966818409098577,0.499002566184224,12.371109967659292,0.1539591037413309
polarized,100.0,1.3111339374215645,10.0,10.0,0.5274619862312134,0.0527461986231213,0.0321248646505635,397.5347811032656,0.1640668788994679,1.0,0.2112756099742916,0.5149016563479066,12.770751036833826,0.1640668788994679
polarized,100.0,1.4166432746690207,10.0,10.0,0.5274619862312134,0.0527461986231213,0.0331514125494238,397.5347811032656,0.1747199027599466,1.0,0.2268301937779744,0.5311226832120831,13.178839531099264,0.1747199027599466
polarized,100.0,1.530643140556358,10.0,10.0,0.5274619862312134,0.0527461986231213,0.0341985178464807,397.5347811032656,0.1859314567111383,1.0,0.2433862784085396,0.5476538509657685,13.59510030615683,0.1859314567111383
polarized,100.0,1.6538167833956732,10.0,10.0,0.5274619862312134,0.0527461986231213,0.0352653354551178,397.5347811032656,0.1977125975977682,1.0,0.2609817742472406,0.5644809754803473,14.019197410683518,0.1977125975977682
polarized,100.0,1.7869024337358286,10.0,10.0,0.5274619862312134,0.0527461986231213,0.0363508518084296,397.5347811032656,0.2100716698145748,1.0,0.2796506966524218,0.5815872528974538,14.450727916581313,0.2100716698145748
polarized,100.0,1.9306977288832496,10.0,10.0,0.5274619862312134,0.0527461986231213,0.0374538682931169,397.5347811032656,0.2230137606586284,1.0,0.2994218632578331,0.59895301365096,14.889215333374796,0.2230137606586284
polarized,100.0,2.0860644934719565,10.0,10.0,0.5274619862312134,0.0527461986231213,0.0385729836769341,397.5347811032656,0.2365400968427207,1.0,0.3203173980626775,0.616555462566319,15.33410262250986,0.2365400968427207
polarized,100.0,2.253933904734791,10.0,10.0,0.5274619862312134,0.0527461986231213,0.0397065756057143,397.5347811032656,0.2506473811956298,1.0,0.3423510384126573,0.6343684063680979,15.784744841777917,0.2506473811956298
polarized,100.0,2.435312073433415,10.0,10.0,0.5274619862312134,0.0527461986231213,0.0408527813088002,397.5347811032656,0.2653270703374069,1.0,0.3655262496279031,0.6523619707180006,16.240401475053492,0.2653270703374069
polarized,100.0,2.631286073895942,10.0,10.0,0.5274619862312134,0.0527461986231213,0.042009477720654,397.5347811032656,0.280564596375489,1.0,0.3898341639908648,0.6705023101106858,16.700228529942706,0.280564596375489
polarized,100.0,2.8430304593026623,10.0,10.0,0.5274619862312134,0.0527461986231213,0.0431742613328243,397.5347811032656,0.2963385389026986,1.0,0.4152513765813668,0.6887513154018404,17.1632705282395,0.2963385389026986
polarized,100.0,3.0718143012686965,10.0,10.0,0.5274619862312134,0.0527461986231213,0.0443444282198216,397.5347811032656,0.3126197577479354,1.0,0.4417376504031442,0.7070663257413112,17.628452565516273,0.3126197577479354
polarized,100.0,3.319008795914677,10.0,10.0,0.5274619862312134,0.0527461986231213,0.0455169548551279,397.5347811032656,0.3293705024247533,1.0,0.4692336074663121,0.725399854237206,18.09457268482051,0.3293705024247533
polarized,100.0,3.586095482011829,10.0,10.0,0.5274619862312134,0.0527461986231213,0.0466884805545509,397.5347811032656,0.3465435212635578,1.0,0.4976585105859289,0.7436993399739904,18.56029489729748,0.3465435212635578
polarized,100.0,3.874675120456128,10.0,10.0,0.5274619862312134,0.0527461986231213,0.0478552926652338,397.5347811032656,0.3640812021064631,1.0,0.5269082715594648,0.761906943200662,19.024143294306462,0.3640812021064631
polarized,100.0,4.186477288289951,10.0,10.0,0.5274619862312134,0.0527461986231213,0.0490133159708398,397.5347811032656,0.3819147874703891,1.0,0.5568538531154491,0.7799594057650192,19.48449783561301,0.3819147874703891
polarized,100.0,4.523370744772101,10.0,10.0,0.5274619862312134,0.0527461986231213,0.0501581082167533,397.5347811032656,0.3999637204615691,1.0,0.5873402614815539,0.7977880053488188,19.93959257050096,0.3999637204615691
polarized,100.0,4.887374631624422,10.0,10.0,0.5274619862312134,0.0527461986231213,0.0512848641794963,397.5347811032656,0.4181351935141053,1.0,0.6181863492569674,0.815318639845939,20.387517255506793,0.4181351935141053
polarized,100.0,5.280670574582637,10.0,10.0,0.5274619862312134,0.0527461986231213,0.052388431305859,397.5347811032656,0.4363239899340022,1.0,0.6491856589383063,0.8324720872860281,20.826223571518145,0.4363239899340022
polarized,100.0,5.705615758781021,10.0,10.0,0.5274619862312134,0.0527461986231213,0.0534633406184763,397.5347811032656,0.4544127276312574,1.0,0.6801085294849667,0.8491644966567606,21.253537409815323,0.4544127276312574
polarized,100.0,6.164757056337161,10.0,10.0,0.5274619862312134,0.0527461986231213,0.0545038572460281,397.5347811032656,0.4722726331880593,1.0,0.7107056550214478,0.8653081752026044,21.667178959583445,0.4722726331880593
polarized,100.0,6.660846290809154,10.0,10.0,0.5274619862312134,0.0527461986231213,0.0555040555297513,397.5347811032656,0.4897649902195694,1.0,0.7407132203092954,0.8808127464803825,22.0647925653632,0.4897649902195694
polarized,100.0,7.196856730011521,10.0,10.0,0.5274619862312134,0.0527461986231213,0.0564579239643776,397.5347811032656,0.5067434132007925,1.0,0.7698596384618343,0.8955867582818934,22.4439884447237,0.5067434132007925
polarized,100.0,7.7760009060380355,10.0,10.0,0.5274619862312134,0.0527461986231213,0.0573595050052491,397.5347811032656,0.5230570896575848,1.0,0.7978737830910559,0.9095398161857482,22.802398266453405,0.5230570896575848
polarized,100.0,8.401749869294335,10.0,10.0,0.5274619862312134,0.0527461986231213,0.0582030736154753,397.5347811032656,0.5385550997100882,1.0,0.8244944460348138,0.922585301127582,23.137746129265256,0.5385550997100882
polarized,100.0,9.077853991937548,10.0,10.0,0.5274619862312134,0.0527461986231213,0.0589833558447503,397.5347811032656,0.5530918503727521,1.0,0.8494805763757419,0.9346436904037956,23.447935454478856,0.5530918503727521
polarized,100.0,9.80836544540667,10.0,10.0,0.5274619862312134,0.0527461986231213,0.0596957841848441,397.5347811032656,0.5665335405569396,1.0,0.8726216871097983,0.9456464328200463,23.731150498709795,0.5665335405569396
polarized,100.0,10.0,10.0,10.0,0.5274619862312134,0.0527461986231213,0.0598628437899836,397.5347811032656,0.5697088837898752,1.0,0.8780977313580587,0.9482255288461362,23.79756250227014,0.5697088837898752
mixed,100.0,0.0,10.0,10.0,0.5274619862312134,0.0527461986231213,0.0,370.3645597483576,0.0,1.0,0.0,0.0,0.0,0.0
mixed,100.0,0.01,10.0,10.0,0.5274619862312134,0.0527461986231213,0.0023710340624321,370.3645597483576,0.0003296268365329,1.0,0.0016990207058743,0.003160842940606,0.53130336522434,0.0003296268365329
mixed,100.0,0.0108047182231812,10.0,10.0,0.5274619862312134,0.0527461986231213,0.0024644165921886,370.3645597483576,0.000355810587422,1.0,0.0018356719898798,0.0032853063829062,0.5516788884680345,0.000355810587422
mixed,100.0,0.0116741935882345,10.0,10.0,0.5274619862312134,0.0527461986231213,0.0025614698680461,370.3645597483576,0.0003840601060269,1.0,0.001983307786537,0.0034146602711286,0.5728124027698757,0.0003840601060269
mixed,100.0,0.0126136372203744,10.0,10.0,0.5274619862312134,0.0527461986231213,0.0026623376088015,370.3645597483576,0.0004145366776693,1.0,0.0021428100171422,0.0035490959132991,0.5947302805099144,0.0004145366776693
mixed,100.0,0.0136286795935577,10.0,10.0,0.5274619862312134,0.0527461986231213,0.002767169113734,370.3645597483576,0.0004474139785476,1.0,0.0023151312335582,0.0036888120324737,0.6174596694332158,0.0004474139785475
mixed,100.0,0.0147254042762412,10.0,10.0,0.5274619862312134,0.0527461986231213,0.0028761194755137,370.3645597483576,0.0004828790039171,0.9999999999999996,0.0025013002450148,0.0038340150485386,0.641028504149689,0.0004828790039171
mixed,100.0,0.0159103843927215,10.0,10.0,0.5274619862312134,0.0527461986231213,0.0029893498009037,370.3645597483576,0.0005211330630204,0.9999999999999988,0.0027024281881249,0.0039849193702831,0.6654655168028851,0.0005211330630204
mixed,100.0,0.0171907220185857,10.0,10.0,0.5274619862312134,0.0527461986231213,0.0031070274395469,370.3645597483576,0.0005623928452596,0.9999999999999952,0.0029197150741883,0.0041417476980379,0.6908002468067431,0.0005623928452594
mixed,100.0,0.0185740907463857,10.0,10.0,0.5274619862312134,0.0527461986231213,0.0032293262210925,370.3645597483576,0.0006068915623527,0.9999999999999843,0.0031544568502483,0.0043047313372379,0.7170630495328444,0.0006068915623521
mixed,100.0,0.0200687816766496,10.0,10.0,0.5274619862312134,0.0527461986231213,0.0033564267009114,370.3645597483576,0.0006548801714884,0.9999999999999512,0.0034080530131064,0.0044741105232865,0.7442851038207955,0.0006548801714864
mixed,100.0,0.0216837531098743,10.0,10.0,0.5274619862312134,0.0527461986231213,0.0034885164147308,370.3645597483576,0.0007066286848049,0.9999999999998518,0.0036820148181381,0.0046501347580132,0.7724984181923263,0.0007066286847989
mixed,100.0,0.0234286842373223,10.0,10.0,0.5274619862312134,0.0527461986231213,0.0036257901424238,370.3645597483576,0.0007624275707839,0.9999999999995678,0.0039779741278294,0.0048330631581513,0.801735835620159,0.0007624275707664
mixed,100.0,0.0253140331524156,10.0,10.0,0.5274619862312134,0.0527461986231213,0.003768450181275,370.3645597483576,0.0008225892534882,0.9999999999987864,0.0042976929478783,0.0050231648161653,0.832031036711981,0.0008225892534389
mixed,100.0,0.027351099530412,10.0,10.0,0.5274619862312134,0.0527461986231213,0.0039167066290065,370.3645597483576,0.0008874497158771,0.9999999999967124,0.0046430737021665,0.0052207191738196,0.8634185411518994,0.0008874497157434
mixed,100.0,0.0295520923520288,10.0,10.0,0.5274619862312134,0.0527461986231213,0.0040707776768627,370.3645597483576,0.0009573702137666,0.9999999999914004,0.0050161703011275,0.0054260164088768,0.8959337072353826,0.0009573702134163
mixed,100.0,0.0319302030769102,10.0,10.0,0.5274619862312134,0.0527461986231213,0.0042308899130853,370.3645597483576,0.001032739107359,0.9999999999782446,0.0054192000617607,0.005639357835279,0.9296127293313868,0.0010327391064711
mixed,100.0,0.0344996847054971,10.0,10.0,0.5274619862312134,0.0527461986231213,0.0043972786370612,370.3645597483576,0.0011139738175902,0.9999999999467062,0.0058545565411205,0.0058610563172405,0.9644926330851972,0.0011139738154108
mixed,100.0,0.0372759372031493,10.0,10.0,0.5274619862312134,0.0527461986231213,0.0045701881844714,370.3645597483576,0.0012015229149247,0.9999999998734268,0.0063248233491104,0.0060914366976352,1.0006112681758248,0.0012015229097373
mixed,100.0,0.0402755997985029,10.0,10.0,0.5274619862312134,0.0527461986231213,0.0047498722637704,370.3645597483576,0.0012958683485937,0.9999999997082076,0.0068327890102109,0.0063308362410607,1.0380072984332698,0.0012958683366076
mixed,100.0,0.0435166507092441,10.0,10.0,0.5274619862312134,0.0527461986231213,0.0049365943043118,370.3645597483576,0.0013975278246415,0.9999999993463188,0.0073814629479623,0.0065796050919928,1.0767201891089149,0.0013975277977235
mixed,100.0,0.0470185148929985,10.0,10.0,0.5274619862312134,0.0527461986231213,0.005130627816439,370.3645597483576,0.0015070573415233,0.999999998575404,0.0079740926700296,0.0068381067484394,1.1167901910846698,0.0015070572827037
mixed,100.0,0.0508021804691302,10.0,10.0,0.5274619862312134,0.0527461986231213,0.0053322567638897,370.3645597483576,0.0016250538924001,0.9999999969765228,0.0086141822358662,0.0071067185514701,1.158258321805259,0.0016250537672081
mixed,100.0,0.0548903245092155,10.0,10.0,0.5274619862312134,0.0527461986231213,0.0055417759488251,370.3645597483576,0.0017521583436456,0.999999993744678,0.009305512093018,0.0073858321910443,1.2011663427024375,0.0017521580838388
mixed,100.0,0.0593074489501055,10.0,10.0,0.5274619862312134,0.0527461986231213,0.0057594914098165,370.3645597483576,0.0018890584994767,0.9999999873717718,0.0100521603721212,0.0076758542285317,1.2455567328786823,0.0018890579732505
mixed,100.0,0.06408002744416,10.0,10.0,0.5274619862312134,0.0527461986231213,0.0059857208331415,370.3645597483576,0.0020364923630265,0.9999999751004844,0.0108585257343886,0.0079772066362868,1.2914726588161147,0.002036491321777
mixed,100.0,0.0692366640267872,10.0,10.0,0.5274619862312134,0.0527461986231213,0.0062207939776735,370.3645597483576,0.0021952516045209,0.9999999520061504,0.0117293518688587,0.0082903273547205,1.338957939858372,0.0021952495898918
mixed,100.0,0.0748082645522508,10.0,10.0,0.5274619862312134,0.0527461986231213,0.0064650531137305,370.3645597483576,0.0023661852476533,0.9999999094888352,0.0126697537397068,0.0086156708671918,1.3880570092268911,0.0023661814328111
mixed,100.0,0.0808282219252271,10.0,10.0,0.5274619862312134,0.0527461986231213,0.0067188534761825,370.3645597483576,0.0025502035855882,0.999999832851684,0.0136852456863386,0.0089537087931086,1.4388148703183556,0.002550196509904
mixed,100.0,0.0873326162382843,10.0,10.0,0.5274619862312134,0.0527461986231213,0.0069825637321188,370.3645597483576,0.0027482823383875,0.9999996974948228,0.0147817714806018,0.009304930499612,1.491277048030114,0.0027482694728878
mixed,100.0,0.0943604310147889,10.0,10.0,0.5274619862312134,0.0527461986231213,0.0072565664634082,370.3645597483576,0.0029614670640308,0.999999463055963,0.015965736446079,0.0096698437321367,1.5454895348700646,0.0029614441134134
mixed,100.0,0.101953786853273,10.0,10.0,0.5274619862312134,0.0527461986231213,0.0075412586644164,370.3645597483576,0.003190877835488,0.9999990645677024,0.0172440417436218,0.0100489752642108,1.601498731596859,0.0031908376376749
mixed,100.0,0.1101581938735899,10.0,10.0,0.5274619862312134,0.0527461986231213,0.0078370522551917,370.3645597483576,0.0034377141966561,0.9999983993651012,0.0186241209248189,0.0104428715667456,1.6593513821535844,0.0034376450183659
mixed,100.0,0.1190228244778715,10.0,10.0,0.5274619862312134,0.0527461986231213,0.0081443746103471,370.3645597483576,0.0037032604102034,0.9999973080534568,0.0201139788506206,0.0108520994971391,1.7190945026502122,0.0037031433513718
mixed,100.0,0.1286008080610566,10.0,10.0,0.5274619862312134,0.0527461986231213,0.0084636691039154,370.3645597483576,0.003988891010669,0.9999955473242867,0.0217222330649846,0.0112772470083899,1.7807753041729504,0.0039886961150125
mixed,100.0,0.1389495494373137,10.0,10.0,0.5274619862312134,0.0527461986231213,0.008795395670383,370.3645597483576,0.0042960766763491,0.9999927517784588,0.0234581577030228,0.0117189238784548,1.844441109199597,0.0042957571918207
mixed,100.0,0.1501310728908173,10.0,10.0,0.5274619862312134,0.0527461986231213,0.0091400313821266,370.3645597483576,0.0046263904337192,0.9999883811733122,0.0253317299986018,0.0121777624599817,1.910139261423507,0.0046258744653551
mixed,100.0,0.1622123939129172,10.0,10.0,0.5274619862312134,0.0527461986231213,0.0094980710433952,370.3645597483576,0.0049815142082393,0.9999816486539672,0.0273536794369196,0.0126544184505752,1.9779170287953236,0.0049806927454417
mixed,100.0,0.1752659208536758,10.0,10.0,0.5274619862312134,0.0527461986231213,0.0098700278010089,370.3645597483576,0.0053632457355352,0.9999714245616544,0.0295355395722602,0.0131495716836201,2.047821499624712,0.0053619557027146
mixed,100.0,0.189369888895036,10.0,10.0,0.5274619862312134,0.0527461986231213,0.0102564337718527,370.3645597483576,0.0057735058469432,0.9999561093443694,0.031889702498432,0.0136639269397,2.119899471597607,0.005771506404917
mixed,100.0,0.2046088289466012,10.0,10.0,0.5274619862312134,0.0527461986231213,0.010657840687223,370.3645597483576,0.0062143461434121,0.9999334679461306,0.034429475918137,0.0141982147785496,2.1941973335972347,0.0062112859408233
mixed,100.0,0.2210740742743124,10.0,10.0,0.5274619862312134,0.0527461986231213,0.0110748205540635,370.3645597483576,0.006687957071706,0.999900416849124,0.0371691427054307,0.0147531923913803,2.270760940253272,0.0066833294900527
mixed,100.0,0.2388643078984598,10.0,10.0,0.5274619862312134,0.0527461986231213,0.0115079663319449,370.3645597483576,0.0071966764153823,0.9998527537291162,0.040124022791066,0.0153296444747919,2.349635478975985,0.0071897590441875
mixed,100.0,0.2580861540418074,10.0,10.0,0.5274619862312134,0.0527461986231213,0.011957892632108,370.3645597483576,0.0077429982217363,0.9997848185146384,0.043310537120585,0.0159283841175634,2.4308653306378867,0.0077327718151434
mixed,100.0,0.278854817172629,10.0,10.0,0.5274619862312134,0.0527461986231213,0.0124252364220991,370.3645597483576,0.0083295821587329,0.9996890735965346,0.0467462733373185,0.0165502537212142,2.514493920981713,0.0083146231320755
mixed,100.0,0.301294772472699,10.0,10.0,0.5274619862312134,0.0527461986231213,0.0129106577584534,370.3645597483576,0.0089592633416186,0.9995555901152406,0.0504500527231089,0.0171961259241044,2.600563566975031,0.008937602434705
mixed,100.0,0.3255405118685032,10.0,10.0,0.5274619862312134,0.0527461986231213,0.0134148405284994,370.3645597483576,0.009635062619812,0.9993714268189644,0.0544419977846458,0.0178669045527218,2.689115314872174,0.0096040006515684
mixed,100.0,0.351737350096938,10.0,10.0,0.5274619862312134,0.0527461986231213,0.0139384932095982,370.3645597483576,0.0103601973462989,0.999119888125548,0.0587435996984252,0.0185635255879019,2.7801887717771483,0.0103160669838572
mixed,100.0,0.3800422956365883,10.0,10.0,0.5274619862312134,0.0527461986231213,0.0144823496432277,370.3645597483576,0.0111380926384559,0.9987796490202302,0.0633777846168203,0.0192869581476906,2.8738219305977473,0.0110759527816014
mixed,100.0,0.4106249917244298,10.0,10.0,0.5274619862312134,0.0527461986231213,0.0150471698233466,370.3645597483576,0.0119723931410238,0.998323736650502,0.0683689775858647,0.0200382054855725,2.9700509887386106,0.0118856398740014
mixed,100.0,0.4436687330978611,10.0,10.0,0.5274619862312134,0.0527461986231213,0.0156337406982583,370.3645597483576,0.0128669753010448,0.9977183624377012,0.0737431625249865,0.0208183060026976,3.068910160935793,0.0127468504087225
mixed,100.0,0.4793715645558216,10.0,10.0,0.5274619862312134,0.0527461986231213,0.0162428769850298,370.3645597483576,0.0138259601636558,0.9969216048620352,0.0795279363625788,0.0216283342725465,3.1704314867064034,0.0136609350118566
mixed,100.0,0.517947467923121,10.0,10.0,0.5274619862312134,0.0527461986231213,0.0168754219953688,370.3645597483576,0.0148537266966483,0.9958819526130426,0.0857525550005861,0.0224694020762098,3.2746446329662047,0.0146287359671079
mixed,100.0,0.5596276445319552,10.0,10.0,0.5274619862312134,0.0527461986231213,0.0175322484716189,370.3645597483576,0.0159549256504949,0.9945367315228378,0.0924479682870162,0.0233426594462796,3.3815766924371142,0.0156504222257142
mixed,100.0,0.6046619009070435,10.0,10.0,0.5274619862312134,0.0527461986231213,0.018214259431433,370.3645597483576,0.0171344939594955,0.9928104577434732,0.0996468405983075,0.0242492957169176,3.4912519785659417,0.0167252935322365
mixed,100.0,0.6533201459593774,10.0,10.0,0.5274619862312134,0.0527461986231213,0.0189223890193463,370.3645597483576,0.0183976696881936,0.9906131851606828,0.1073835529640486,0.0251905405774918,3.6036918177398367,0.0178515519634076
mixed,100.0,0.7058940086618741,10.0,10.0,0.5274619862312134,0.0527461986231213,0.0196576033633066,370.3645597483576,0.0197500075259189,0.9878389480615868,0.1156941818960056,0.0261676651267097,3.718914339681916,0.0190260409528934
mixed,100.0,0.7626985859023444,10.0,10.0,0.5274619862312134,0.0527461986231213,0.0204209014339084,370.3645597483576,0.0211973948307041,0.9843644410959688,0.1246164492042644,0.0271819829238327,3.836934266987766,0.0202439546769274
mixed,100.0,0.8240743309893657,10.0,10.0,0.5274619862312134,0.0527461986231213,0.021213315903782,370.3645597483576,0.0227460682221788,0.9800481270453756,0.1341896360907736,0.0282348510331085,3.957762704847654,0.0214985247827566
mixed,100.0,0.890389094129673,10.0,10.0,0.5274619862312134,0.0527461986231213,0.0220359140042388,370.3645597483576,0.0244026307212163,0.974730016486079,0.1444544537047255,0.0293276710571095,4.081406932076932,0.0227806970962137
mixed,100.0,0.9620403271064756,10.0,10.0,0.5274619862312134,0.0527461986231213,0.0228897983759374,370.3645597483576,0.0261740694322407,0.9682324169600256,0.1554528611315575,0.0304618901540958,4.207870194658619,0.0240788182664607
mixed,100.0,1.0394574653722626,10.0,10.0,0.5274619862312134,0.0527461986231213,0.0237761079098931,370.3645597483576,0.0280677737619589,0.9603619937653768,0.1672278204850007,0.031639002033988,4.337151503069167,0.0253783611592598
mixed,100.0,1.1231045018329515,10.0,10.0,0.5274619862312134,0.0527461986231213,0.0246960185747186,370.3645597483576,0.0300915541660464,0.9509135062514198,0.1798229774107874,0.0328605479268862,4.469245434726031,0.0266617276276564
mixed,100.0,1.213482767749143,10.0,10.0,0.5274619862312134,0.0527461986231213,0.025650744225489,370.3645597483576,0.0322536614128833,0.939675564020633,0.1932822539422508,0.034128117517365,4.604141942954768,0.0279081768721578
mixed,100.0,1.3111339374215645,10.0,10.0,0.5274619862312134,0.0527461986231213,0.0266415373890542,370.3645597483576,0.0345628063507005,0.9264386647065438,0.2076493393494058,0.0354433498370437,4.741826173919091,0.0290939349558674
mixed,100.0,1.4166432746690207,10.0,10.0,0.5274619862312134,0.0527461986231213,0.0276696900200529,370.3645597483576,0.0370281801616409,0.9110056073233644,0.2229670635054778,0.0368079341070354,4.882278293001796,0.0301925433376322
mixed,100.0,1.530643140556358,10.0,10.0,0.5274619862312134,0.0527461986231213,0.0287365342211807,370.3645597483576,0.0396594750828969,0.893204108061711,0.2392766365124309,0.0382236105209964,5.025473322146366,0.031175498108691
mixed,100.0,1.6538167833956732,10.0,10.0,0.5274619862312134,0.0527461986231213,0.0298434429205317,370.3645597483576,0.0424669055714622,0.8729010812577037,0.256616738087326,0.0396921709584777,5.17138098968408,0.0320132136055584
mixed,100.0,1.7869024337358286,10.0,10.0,0.5274619862312134,0.0527461986231213,0.0309918304980503,370.3645597483576,0.045461229885004,0.8500176172457182,0.2750224407834679,0.0412154596171157,5.319965594174215,0.0326763120555891
mixed,100.0,1.9306977288832496,10.0,10.0,0.5274619862312134,0.0527461986231213,0.0321831533521803,370.3645597483576,0.0486537720466112,0.8245432565150838,0.2945239528445326,0.0427953735510289,5.471185883762381,0.0331371954017579
mixed,100.0,2.0860644934719565,10.0,10.0,0.5274619862312134,0.0527461986231213,0.0334189103971054,370.3645597483576,0.0520564441566746,0.7965478257102501,0.3151451697808418,0.0444338631010674,5.62499495256491,0.0333718010501931
mixed,100.0,2.253933904734791,10.0,10.0,0.5274619862312134,0.0527461986231213,0.0347006434769418,370.3645597483576,0.0556817690008231,0.7661889832529751,0.3369020291011385,0.0461329322047389,5.7813401551766,0.0333613892861089
mixed,100.0,2.435312073433415,10.0,10.0,0.5274619862312134,0.0527461986231213,0.0360299376964479,370.3645597483576,0.0595429029365672,0.7337138235501988,0.3598006705742135,0.0478946385539236,5.94016304208593,0.0330941695383036
mixed,100.0,2.631286073895942,10.0,10.0,0.5274619862312134,0.0527461986231213,0.0374084216262961,370.3645597483576,0.0636536589189985,0.6994534561861824,0.3838354155008047,0.0497210936170637,6.101399313807572,0.0325665591803615
mixed,100.0,2.8430304593026623,10.0,10.0,0.5274619862312134,0.0527461986231213,0.0388377674096751,370.3645597483576,0.0680285297162618,0.6638103605701906,0.4089865932830654,0.0516144624524967,6.26497879995071,0.0317838920847512
mixed,100.0,3.0718143012686965,10.0,10.0,0.5274619862312134,0.0527461986231213,0.0403196907151942,370.3645597483576,0.0726827111256349,0.6272393699419795,0.4352182625006682,0.053576963337897,6.430825459601324,0.0307604558531807
mixed,100.0,3.319008795914677,10.0,10.0,0.5274619862312134,0.0527461986231213,0.0418559505393422,370.3645597483576,0.0776321251596841,0.5902241309536745,0.4624758969031515,0.0556108671630327,6.5988574065204615,0.0295188273078271
mixed,100.0,3.586095482011829,10.0,10.0,0.5274619862312134,0.0527461986231213,0.0434483488311501,370.3645597483576,0.0828934430747956,0.5532515838146298,0.4906841339522607,0.0577184965662146,6.768986959035655,0.0280885764993202
mixed,100.0,3.874675120456128,10.0,10.0,0.5274619862312134,0.0527461986231213,0.0450987299173307,370.3645597483576,0.0884841081188301,0.5167872437032087,0.5197447139132839,0.0599022247820104,6.941120715266021,0.0265044975776394
mixed,100.0,4.186477288289951,10.0,10.0,0.5274619862312134,0.0527461986231213,0.0468089797027775,370.3645597483576,0.0944223578508501,0.4812537950584117,0.5495347692624808,0.0621644741656921,7.115159654007336,0.0248045810079856
mixed,100.0,4.523370744772101,10.0,10.0,0.5274619862312134,0.0527461986231213,0.0485810246185472,370.3645597483576,0.1007272458609818,0.4470148293712906,0.5799056545360933,0.0645077143562776,7.2909992613836465,0.0230279558588715
mixed,100.0,4.887374631624422,10.0,10.0,0.5274619862312134,0.0527461986231213,0.0504168302864329,370.3645597483576,0.1074186626894721,0.4143646533520663,0.6106825316552387,0.0669344600359962,7.468529683143449,0.0212130049925802
mixed,100.0,5.280670574582637,10.0,10.0,0.5274619862312134,0.0527461986231213,0.0523183998658033,370.3645597483576,0.1145173557097746,0.3835241845375791,0.6416649399445761,0.0694472682396044,7.647635902230716,0.0193958013430333
mixed,100.0,5.705615758781021,10.0,10.0,0.5274619862312134,0.0527461986231213,0.0542877720447319,370.3645597483576,0.1220449477011003,0.3546422132331698,0.6726285772379864,0.072048735161913,7.828197941019921,0.0176089461614528
mixed,100.0,6.164757056337161,10.0,10.0,0.5274619862312134,0.0527461986231213,0.0563270186330812,370.3645597483576,0.1300239537888381,0.3278008420146923,0.7033284919104665,0.0747414924065829,8.010091087329501,0.015880825514217
mixed,100.0,6.660846290809154,10.0,10.0,0.5274619862312134,0.0527461986231213,0.0584382417106611,370.3645597483576,0.1384777963776088,0.3030237314039044,0.7335038292121925,0.0775282026129706,8.19318614307836,0.0142352502626582
mixed,100.0,7.196856730011521,10.0,10.0,0.5274619862312134,0.0527461986231213,0.0606235702782966,370.3645597483576,0.1474308176385683,0.28028583400714,0.7628841846694938,0.0804115543910567,8.377349694179582,0.0126914121731188
mixed,100.0,7.7760009060380355,10.0,10.0,0.5274619862312134,0.0527461986231213,0.0628851563537447,370.3645597483576,0.1569082890392739,0.25952350919642,0.7911974919718384,0.0833942564869301,8.562444399998473,0.0112640744653511
mixed,100.0,8.401749869294335,10.0,10.0,0.5274619862312134,0.0527461986231213,0.0652251704479007,370.3645597483576,0.1669364173198744,0.2406441937559351,0.8181792175057448,0.0864790310927225,8.748329300447551,0.0099639154691779
mixed,100.0,9.077853991937548,10.0,10.0,0.5274619862312134,0.0527461986231213,0.0676457963504363,370.3645597483576,0.1775423462259157,0.2235350944766058,0.843582460129817,0.0896686062041135,8.934860138616898,0.0087979542680917
mixed,100.0,9.80836544540667,10.0,10.0,0.5274619862312134,0.0527461986231213,0.0701492251366796,370.3645597483576,0.1887541531544228,0.2080706235994337,0.8671883817300005,0.0929657069284134,9.121889695906503,0.0077700025962669
mixed,100.0,10.0,10.0,10.0,0.5274619862312134,0.0527461986231213,0.0707882772007662,370.3645597483576,0.1916551518654241,0.2044460502702972,0.8727868802312502,0.0938071012720258,9.168707503937846,0.0075347558475779
