architecture,K_D,directional_persistence_time
polarized,1.0,461.2474915813665
polarized,1.017461587793829,453.81959629237826
polarized,1.0352280826359388,446.52660499586943
polarized,1.0533048086875232,439.3662965655531
polarized,1.0716971830780824,432.3364887609517
polarized,1.0904107175287991,425.4350375555003
polarized,1.1094510200042598,418.65983647575786
polarized,1.128823796393017,412.0088159515235
polarized,1.1485348522174963,405.4799426766421
polarized,1.1685900943737644,399.0712189802891
polarized,1.1889955329016704,392.78068220852384
polarized,1.2097572827859029,386.6064041159067
polarized,1.2308815657884926,380.54649026697734
polarized,1.2523747123133138,374.59907944737625
polarized,1.2742431633031437,368.76234308441553
polarized,1.2964934721698471,363.03448467689094
polarized,1.3191323067582668,357.4137392339271
polarized,1.342166451344402,351.89837272265294
polarized,1.3656028086684835,346.4866815245058
polarized,1.3894484020035474,341.1769918999483
polarized,1.4137103772601272,335.9676594614022
polarized,1.4383960051277016,330.85706865418035
polarized,1.4635126832535312,325.8436322452155
polarized,1.4890679384595449,320.9257908193666
polarized,1.5150694289979314,316.10201228309654
polarized,1.5415249468461245,311.3707913752953
polarized,1.5684424200418552,306.73064918503894
polarized,1.595829915058981,302.1801326760559
polarized,1.6236956392248016,297.7178142176743
polarized,1.6520479431795825,293.3422911220286
polarized,1.6808953233790265,289.0521851872807
polarized,1.7102464246404454,284.846142246624
polarized,1.740110042733386,280.7228317228315
polarized,1.7704951270154978,276.68094618808595
polarized,1.8014107831144248,272.71920092885347
polarized,1.8328662756565268,268.8363335155337
polarized,1.8648710310432512,265.03110337661957
polarized,1.8974346402759803,261.3022913770979
polarized,1.9305668618302112,257.6486994008115
polarized,1.964277624579916,254.06914993649352
polarized,1.998577030772971,250.5624856671847
polarized,2.033475359058543,247.1275690627272
polarized,2.06898306756733,243.76328197503324
polarized,2.1051107970456027,240.4685252358018
polarized,2.1418693740439507,237.24221825636673
polarized,2.1792698141617324,234.08329862933877
polarized,2.217323325348158,230.99072173169705
polarized,2.2560413112610287,227.9634603289867
polarized,2.295435374684118,225.00050418025583
polarized,2.3355173210042244,222.1008596433739
polarized,2.376299161748947,219.26354928034945
polarized,2.4177931181862276,216.48761146227255
polarized,2.4600116249867514,213.77209997348984
polarized,2.5029673339502967,211.11608361461896
polarized,2.546673117797155,208.51864580400417
polarized,2.591142074025753,205.97888417720864
polarized,2.636387528837637,203.495910184137
polarized,2.68242304113099,201.06884868337872
polarized,2.729262406563888,198.696837533367
polarized,2.7769196616884995,196.37902717994345
polarized,2.8254090881574823,194.11458023992864
polarized,2.874745217003825,191.90267108029937
polarized,2.9249428329954266,189.7424853925916
polarized,2.976016979065706,187.6332197621488
polarized,3.0279829608215865,185.57408123185945
polarized,3.08085635113019,183.5642868600484
polarized,3.134652994785624,181.60306327220297
polarized,3.189389013257261,179.68964620625036
polarized,3.2450808095209256,177.8232800511369
polarized,3.301745072974444,176.00321737849632
polarized,3.3593987844390276,174.228718467243
polarized,3.418059221247992,172.4990508209806
polarized,3.4777439624243187,170.81348867817536
polarized,3.538470893948648,169.17131251511103
polarized,3.60025821411924,167.57180854172688
polarized,3.663124439005536,166.01426819051795
polarized,3.72708840799695,164.49798759878146
polarized,3.79216928944855,163.0222670845961
polarized,3.858386586425317,161.586410617041
polarized,3.9257601425467135,160.18972528129345
polarized,3.9943101479333056,158.8315207393815
polarized,4.064057145257223,157.5111086875287
polarized,4.135022035898269,156.22780231119077
polarized,4.207226086207523,154.980915739068
polarized,4.280690933880321,153.76976349757166
polarized,4.35543859444052,152.5936599674227
polarized,4.431491467837972,151.45191884429667
polarized,4.508872345161228,150.34385260564258
polarized,4.587604415467426,149.26877198606505
polarized,4.667711272731467,148.2259854639014
polarized,4.749216922916511,147.21479876190236
polarized,4.832145791167954,146.23451436519088
polarized,4.916522729133014,145.28443105995572
polarized,5.002373022408124,144.3638434966238
polarized,5.089722398116383,143.4720417815357
polarized,5.178597032617307,142.60831110143656
polarized,5.269023559351216,141.77193138536956
polarized,5.361029076820579,140.96217700882775
polarized,5.454641156710748,140.17831654527464
polarized,5.5498878521524855,139.41961257037536
polarized,5.646797706128749,138.6853215244892
polarized,5.745399760028305,137.97469363915044
polarized,5.845723562348681,137.28697293340025
polarized,5.947799177551087,136.62139728592666
polarized,6.051657195069956,135.97719858900504
polarized,6.1573287384798245,135.3536029902102
polarized,6.2648454748222555,134.749831227783
polarized,6.374239624095634,134.16509906535998
polarized,6.48554396891068,133.59861783152985
polarized,6.598791864314551,133.04959506933253
polarized,6.714017247786481,132.51723530037845
polarized,6.831254649407985,132.00074090771503
polarized,6.950539202210622,131.49931314092166
polarized,7.071906652704471,131.0121532461376
polarized,7.195393371590431,130.53846372285489
polarized,7.321036364659589,130.07744970830657
polarized,7.448873283882906,129.62832048917602
polarized,7.578942438694532,129.19029113913635
polarized,7.711282807472169,128.7625842794118
polarized,7.845934049217885,128.34443195814535
polarized,7.982936515442894,127.93507764287156
polarized,8.122331262259861,127.53377831884328
polarized,8.264160062686368,127.1398066843704
polarized,8.408465419163221,126.75245343271568
polarized,8.555290576291311,126.37102960847704
polarized,8.704679533790936,125.9948690248111
polarized,8.85667705968737,125.62333072632318
polarized,9.01132870372669,125.2558014810197
polarized,9.168680811025862,124.89169828340692
polarized,9.32878053596118,124.53047084966047
polarized,9.491675856299228,124.17160408481575
polarized,9.65741558757456,123.81462050117491
polarized,9.826049397718482,123.4590825666075
polarized,9.99762782194324,123.10459496117896
polarized,10.172202277886123,122.75080672058596
polarized,10.349825081018022,122.39741324522429
polarized,10.530549460320984,122.04415815438858
polarized,10.714429574239634,121.69083496608876
polarized,10.901520526911014,121.33728858427824
polarized,11.091878384677894,120.9834165769109
polarized,11.285560192890417,120.62917023015666
polarized,11.482623993001113,120.27455536629144
polarized,11.683128839958428,119.91963291520456
polarized,11.887134819903972,119.56451923209676
polarized,12.094703068178802,119.20938615673468
polarized,12.305895787644094,118.85446081253984
polarized,12.520776267321748,118.5000251467614
polarized,12.73940890136047,118.14641521597504
polarized,12.961859208333056,117.79402022409518
polarized,13.188193850870617,117.4432813229505
polarized,13.418480655639623,117.09469018818078
polarized,13.652788633667866,116.74878738574223
polarized,13.891188001025242,116.4061605465932
polarized,14.13375019986572,116.06744236915252
polarized,14.38054791983672,115.73330847083626
polarized,14.631655119862309,115.4044751113638
polarized,14.887147050306812,115.08169681156888
polarized,15.14710027552538,114.76576389213668
polarized,15.411592696808391,114.45749995702351
polarized,15.680703575726438,114.15775934629931
polarized,15.954513557882986,113.86742458280249
polarized,16.23310469708179,113.58740383632832
polarized,16.516560479916294,113.31862842811648
polarized,16.804965850788438,113.06205039718084
polarized,17.098407237364274,112.8186401485811
polarized,17.39697257647414,112.58938420209373
polarized,17.700751340465075,112.37528305795232
polarized,18.009834564013335,112.17734919441656
polarized,18.324314871405186,111.9966052099439
polarized,18.64428650429398,111.83408212071664
polarized,18.969845349942013,111.6908178222398
polarized,19.301088969955376,111.567855721724
polarized,19.63811662952075,111.466243546014
polarized,19.98102932715257,111.387032327955
polarized,20.329929824959702,111.3312755723191
polarized,20.684922679440614,111.30002860076618
polarized,21.046114272816222,111.29434807379788
polarized,21.413612844909963,111.31529168629292
polarized,21.787528525584413,111.3639180319884
polarized,22.167973367744448,111.44128663120652
polarized,22.555061380916573,111.5484581152069
polarized,22.94890856541464,111.68649455978496
polarized,23.349632947102172,111.85645996011192
polarized,23.75735461276167,112.05942083833614
polarized,24.172195746081535,112.2964469751091
polarized,24.59428066427135,112.5686122559725
polarized,25.023735855316584,112.87699562341491
polarized,25.46069001588377,113.22268212538636
polarized,25.90527408988758,113.6067640511148
polarized,26.357621307731343,114.0303421452074
polarized,26.81786722623278,114.49452689121432
polarized,27.286149769246897,115.00043985608218
polarized,27.762609268998155,115.54921508721476
polarized,28.247388508134527,116.14200055417813
polarized,28.740632762515705,116.77995962743024
polarized,29.242489844748555,117.46427258680852
polarized,29.753110148482772,118.19613815287197
polarized,30.272646693479956,118.976775034549
polarized,30.801255171469727,119.8074234868972
polarized,31.33909399280646,120.68934687311508
polarized,31.886324333940895,121.62383322526946
polarized,32.4431101857205,122.61219679849768
polarized,33.009618402533306,123.65577961372072
polarized,33.586018752309926,124.75595298414814
polarized,34.172483967398556,125.91411902107548
polarized,34.769189796328504,127.13171211466172
polarized,35.37631505647738,128.41020038552924
polarized,35.9940416876582,129.75108710315513
polarized,36.62255480664197,131.155912067113
polarized,37.26204276263245,132.6262529472849
polarized,37.91269719370955,134.16372657918916
polarized,38.57471308425834,135.76999021057057
polarized,39.24828882340089,137.44674269536193
polarized,39.93362626444824,139.19572563106573
polarized,40.630930785390845,141.01872443551332
polarized,41.34041135044492,142.9175693588405
polarized,42.0622805726737,144.8941364263769
polarized,42.79675477770209,146.95034830797655
polarized,43.544054068543915,149.08817510913167
polarized,44.30440239156101,151.3096350789966
polarized,45.07802760357436,153.61679523022386
polarized,45.8651615401468,156.01177186526616
polarized,46.666040085058206,158.49673100353553
polarized,47.48090324099377,161.07388870354097
polarized,48.30999520146666,163.7455112738367
polarized,49.153564423996535,166.5139153663208
polarized,50.01186370456576,169.38146794512585
polarized,50.885150253376025,172.35058612404055
polarized,51.773685771927504,175.42373686509427
polarized,52.67773653144411,178.60343653063904
polarized,53.597573452668094,181.89225028096763
polarized,54.533472187048034,185.29279130921435
polarized,55.48571319934451,188.8077199050185
polarized,56.45458185167806,192.43974233816323
polarized,57.440368489045014,196.1916095531708
polarized,58.44336852632634,200.06611566561577
polarized,59.46388253681586,204.0660962507358
polarized,60.50221634229438,208.19442641476604
polarized,61.558681104676566,212.45401863931053
polarized,62.6335934192582,216.8478203889945
polarized,63.72727540959154,221.37881147262456
polarized,64.84005482401761,226.05000114811236
polarized,65.97226513388385,230.86442496152753
polarized,67.1242456334769,235.82514131079475
polarized,68.29634154170037,240.93522772480244
polarized,69.48890410552808,246.19777684900325
polarized,70.70229070526372,251.6158921289945
polarized,71.93686496163848,257.1926831840686
polarized,73.19299684477892,262.93126086332643
polarized,74.47106278507745,268.8347319776534
polarized,75.7714457859988,274.90619370168105
polarized,77.09453553885633,281.14872764080377
polarized,78.44072853959251,287.5653935593832
polarized,79.81042820759852,294.1592227674798
polarized,81.20404500660855,300.9332111647803
polarized,82.62199656770545,307.89031194187436
polarized,84.06470781447385,315.03342794064645
polarized,85.53261109033883,322.36540367732096
polarized,87.02614628812817,329.88901703361034
polarized,88.54576098189689,337.6069706234748
polarized,90.0919105610537,345.521882845212
polarized,91.66505836682929,353.6362786309375
polarized,93.26567583112808,361.9525799080117
polarized,94.89424261780408,370.47309578957527
polarized,96.55124676640374,379.2000125140988
polarized,98.23718483841893,388.135383156699
polarized,99.95256206609352,397.2811171379191
polarized,101.69789250382873,406.6389695586951
polarized,103.47369918223166,416.2105303933154
polarized,105.2805142648544,425.99721357531655
polarized,107.11887920766968,436.00024601438946
polarized,108.98934492133094,446.22065658552026
polarized,110.89247193626662,456.6592651346796
polarized,112.8288305706564,467.31667154839215
polarized,114.79900110134092,478.19324493745614
polarized,116.80357393771584,489.28911298784953
polarized,118.8431497986622,500.6041515344706
polarized,120.91833989256664,512.1379744157374
polarized,123.02976610048472,523.8899236692081
polarized,125.17806116250252,535.8590601301986
polarized,127.3638688673528,548.0441544968646
polarized,129.58784424534176,560.4436789263207
polarized,131.85065376464476,573.0557992270399
polarized,134.1529755310298,585.8783677130052
polarized,136.49549949106836,598.9089167847961
polarized,138.8789276388941,612.1446533019849
polarized,141.30397422657344,625.5824538098661
polarized,143.77136597814763,639.2188606815448
polarized,146.2818423074137,653.0500792339008
polarized,148.83615553950762,667.0719758727325
polarized,151.43507113635664,681.2800773186048
polarized,154.0793679260688,695.6695709604875
polarized,156.76983833632747,710.2353063792435
polarized,159.50728863186157,724.9717980773838
polarized,162.29253915606236,739.8732294452908
polarized,165.12642457681932,754.9334579873788
polarized,168.00979413664845,770.146021824396
polarized,170.94351190718862,785.504147480403
polarized,173.92845704814155,801.0007589548734
polarized,176.9655240707328,816.6284880719801
polarized,180.0556231057748,832.379686090515
polarized,183.1996801764088,848.2464365490616
polarized,186.39863747561049,864.2205693122179
polarized,189.65345364854085,880.2936757748053
polarized,192.96510407982765,896.4571251722683
polarized,196.3345811858628,912.7020819369648
polarized,199.76289471220431,929.0195240318212
polarized,203.25107203617085,945.4002621850392
polarized,206.8001584747202,961.8349599422204
polarized,210.41121759770417,978.314154445562
polarized,214.08533154659287,994.8282778437164
polarized,217.8236013587646,1011.3676792306114
polarized,221.6271472974588,1027.922647007038
polarized,225.49710918748912,1044.483431555166
polarized,229.43464675682105,1061.0402681134974
polarized,233.4409399841113,1077.5833997379586
polarized,237.51718945231772,1094.1031002341044
polarized,241.6646167084828,1110.5896969456155
polarized,245.8844646297999,1127.0335932854507
polarized,250.17799779607168,1143.4252908982178
polarized,254.54650286867204,1159.7554113454107
polarized,258.9912889761254,1176.0147172092
polarized,263.51368810641884,1192.194132515299
polarized,268.1150555061646,1208.2847623811072
polarized,272.79677008673275,1224.2779118016776
polarized,277.5602348374751,1240.1651034930778
polarized,282.4068772461656,1255.9380947202526
polarized,287.3381497267805,1271.5888930445303
polarized,292.35553005475094,1287.109770934295
polarized,297.46052180981326,1302.493279190971
polarized,302.6546548265934,1317.7322591513346
polarized,307.9394856530588,1332.8198536360244
polarized,313.3165980169761,1347.7495166230194
polarized,318.78760330051324,1362.5150216336076
polarized,324.35414102312933,1377.110468826958
polarized,330.01787933289654,1391.5302908076917
polarized,335.78051550640106,1405.769257158788
polarized,341.6437764573731,1419.8224777197236
polarized,347.60941925419866,1433.6854046367885
polarized,353.6792316464676,1447.3538332190708
polarized,359.8550326007166,1460.823901639599
polarized,366.13867284552504,1474.092089526526
polarized,372.53203542613306,1487.1552154940443
polarized,379.03703626874017,1500.0104336668512
polarized,385.65562475465936,1512.655229255574
polarized,392.38978430449663,1525.087413243418
polarized,399.24153297253105,1537.305116246642
polarized,406.2129240514736,1549.306781613122
polarized,413.30604668778625,1561.0911578243995
polarized,420.5230265077452,1572.6572902671471
polarized,427.8660262544367,1584.0045124400576
polarized,435.3372464358751,1595.1324366616648
polarized,442.9389259844387,1606.0409443437577
polarized,450.6733429278206,1616.7301758937124
polarized,458.5428150716929,1627.200520307391
polarized,466.54970069429663,1637.4526045122857
polarized,474.6963992531545,1647.4872825182574
polarized,482.98535210412774,1657.3056244307318
polarized,491.4190432330272,1666.9089053784571
polarized,500.0,1676.298594405053
mixed,1.0,543.4848814657183
mixed,1.017461587793829,533.0069069824497
mixed,1.0352280826359388,522.7161895785354
mixed,1.0533048086875232,512.6095854366853
mixed,1.0716971830780824,502.68400447628727
mixed,1.0904107175287991,492.93640940307176
mixed,1.1094510200042598,483.36381477461913
mixed,1.128823796393017,473.9632860814518
mixed,1.1485348522174963,464.7319388434589
mixed,1.1685900943737644,455.6669377214046
mixed,1.1889955329016704,446.7654956432821
mixed,1.2097572827859029,438.0248729452723
mixed,1.2308815657884926,429.4423765270789
mixed,1.2523747123133138,421.0153590214147
mixed,1.2742431633031437,412.74121797741446
mixed,1.2964934721698471,404.6173950577607
mixed,1.3191323067582668,396.6413752493126
mixed,1.342166451344402,388.8106860870273
mixed,1.3656028086684835,381.1228968909764
mixed,1.3894484020035474,373.5756180162575
mixed,1.4137103772601272,366.1665001156099
mixed,1.4383960051277016,358.8932334145464
mixed,1.4635126832535312,351.7535469988166
mixed,1.4890679384595449,344.74520811402226
mixed,1.5150694289979314,337.86602147721317
mixed,1.5415249468461245,331.1138286002863
mixed,1.5684424200418552,324.48650712502626
mixed,1.595829915058981,317.981970169623
mixed,1.6236956392248016,311.5981656865061
mixed,1.6520479431795825,305.3330758313411
mixed,1.6808953233790265,299.18471634303773
mixed,1.7102464246404454,293.1511359346186
mixed,1.740110042733386,287.23041569480597
mixed,1.7704951270154978,281.4206685001853
mixed,1.8014107831144248,275.7200384378054
mixed,1.8328662756565268,270.1267002380827
mixed,1.8648710310432512,264.6388587178761
mixed,1.8974346402759803,259.25474823360366
mixed,1.9305668618302112,253.97263214427548
mixed,1.964277624579916,248.7908022843187
mixed,1.998577030772971,243.70757844607417
mixed,2.033475359058543,238.7213078718462
mixed,2.06898306756733,233.8303647553897
mixed,2.1051107970456027,229.03314975272073
mixed,2.1418693740439507,224.32808950213868
mixed,2.1792698141617324,219.7136361533516
mixed,2.217323325348158,215.1882669055963
mixed,2.2560413112610287,210.75048355464693
mixed,2.295435374684118,206.39881204860944
mixed,2.3355173210042244,202.13180205239905
mixed,2.376299161748947,197.94802652079775
mixed,2.4177931181862276,193.84608127999635
mixed,2.4600116249867514,189.824584617518
mixed,2.5029673339502967,185.88217688042977
mixed,2.546673117797155,182.01752008174387
mixed,2.591142074025753,178.2292975149148
mixed,2.636387528837637,174.51621337633586
mixed,2.68242304113099,170.8769923957443
mixed,2.729262406563888,167.3103794744391
mixed,2.7769196616884995,163.81513933122162
mixed,2.8254090881574823,160.3900561559644
mixed,2.874745217003825,157.0339332707181
mixed,2.9249428329954266,153.74559279826505
mixed,2.976016979065706,150.5238753380269
mixed,3.0279829608215865,147.3676396492368
mixed,3.08085635113019,144.27576234128333
mixed,3.134652994785624,141.24713757113668
mixed,3.189389013257261,138.28067674776415
mixed,3.2450808095209256,135.3753082434444
mixed,3.301745072974444,132.5299771118893
mixed,3.3593987844390276,129.7436448130796
mixed,3.418059221247992,127.0152889447246
mixed,3.4777439624243187,124.34390298025149
mixed,3.538470893948648,121.7284960132315
mixed,3.60025821411924,119.16809250815122
mixed,3.663124439005536,116.66173205743289
mixed,3.72708840799695,114.20846914461174
mixed,3.79216928944855,111.80737291357428
mixed,3.858386586425317,109.45752694376336
mixed,3.9257601425467135,107.15802903125486
mixed,3.9943101479333056,104.90799097560875
mixed,4.064057145257223,102.70653837240064
mixed,4.135022035898269,100.5528104113349
mixed,4.207226086207523,98.44595967984527
mixed,4.280690933880321,96.3851519720833
mixed,4.35543859444052,94.36956610319884
mixed,4.431491467837972,92.39839372881538
mixed,4.508872345161228,90.4708391696019
mixed,4.587604415467426,88.5861192408447
mixed,4.667711272731467,86.7434630869201
mixed,4.749216922916511,84.94211202057383
mixed,4.832145791167954,83.1813193669059
mixed,4.916522729133014,81.46035031196809
mixed,5.002373022408124,79.77848175587518
mixed,5.089722398116383,78.13500217033489
mixed,5.178597032617307,76.52921146050161
mixed,5.269023559351216,74.96042083105881
mixed,5.361029076820579,73.4279526564368
mixed,5.454641156710748,71.93114035507277
mixed,5.5498878521524855,70.46932826762176
mixed,5.646797706128749,69.04187153902795
mixed,5.745399760028305,67.64813600436655
mixed,5.845723562348681,66.28749807836931
mixed,5.947799177551087,64.95934464854675
mixed,6.051657195069956,63.663072971822594
mixed,6.1573287384798245,62.398090574597894
mixed,6.2648454748222555,61.163815156163686
mixed,6.374239624095634,59.95967449538335
mixed,6.48554396891068,58.78510636056796
mixed,6.598791864314551,57.63955842247049
mixed,6.714017247786481,56.52248817032648
mixed,6.831254649407985,55.433362830871694
mixed,6.950539202210622,54.37165929027065
mixed,7.071906652704471,53.33686401889051
mixed,7.195393371590431,52.3284729988607
mixed,7.321036364659589,51.34599165435862
mixed,7.448873283882906,50.388934784567105
mixed,7.578942438694532,49.456826499251235
mixed,7.711282807472169,48.549200156905584
mixed,7.845934049217885,47.66559830542673
mixed,7.982936515442894,46.80557262526856
mixed,8.122331262259861,45.96868387504258
mixed,8.264160062686368,45.154501839527
mixed,8.408465419163221,44.36260528005474
mixed,8.555290576291311,43.59258188725152
mixed,8.704679533790936,42.844028236100634
mixed,8.85667705968737,42.11654974331442
mixed,9.01132870372669,41.40976062699573
mixed,9.168680811025862,40.72328386857752
mixed,9.32878053596118,40.056751177031465
mixed,9.491675856299228,39.40980295534162
mixed,9.65741558757456,38.78208826924203
mixed,9.826049397718482,38.17326481822169
mixed,9.99762782194324,37.58299890880423
mixed,10.172202277886123,37.01096543011312
mixed,10.349825081018022,36.456847831737896
mixed,10.530549460320984,35.920338103920045
mixed,10.714429574239634,35.40113676008121
mixed,10.901520526911014,34.898952821721004
mixed,11.091878384677894,34.41350380571401
mixed,11.285560192890417,33.944515714040776
mixed,11.482623993001113,33.49172302599018
mixed,11.683128839958428,33.05486869287483
mixed,11.887134819903972,32.63370413530439
mixed,12.094703068178802,32.227989243065046
mixed,12.305895787644094,31.83749237765707
mixed,12.520776267321748,31.4619903775454
mixed,12.73940890136047,31.101268566181226
mixed,12.961859208333056,30.755120762856084
mixed,13.188193850870617,30.42334929645202
mixed,13.418480655639623,30.105765022155385
mixed,13.652788633667866,29.80218734120287
mixed,13.891188001025242,29.512444223732583
mixed,14.13375019986572,29.23637223481384
mixed,14.38054791983672,28.9738165637324
mixed,14.631655119862309,28.72463105660931
mixed,14.887147050306812,28.48867825243366
mixed,15.14710027552538,28.26582942259085
mixed,15.411592696808391,28.05596461396925
mixed,15.680703575726438,27.858972695729545
mixed,15.954513557882986,27.67475140982168
mixed,16.23310469708179,27.50320742533469
mixed,16.516560479916294,27.344256396765545
mixed,16.804965850788438,27.19782302629251
mixed,17.098407237364274,27.063841130138787
mixed,17.39697257647414,26.942253709110933
mixed,17.700751340465075,26.833013023396177
mixed,18.009834564013335,26.736080671700822
mixed,18.324314871405186,26.65142767481028
mixed,18.64428650429398,26.579034563649348
mixed,18.969845349942013,26.518891471918053
mixed,19.301088969955376,26.470998233375894
mixed,19.63811662952075,26.43536448384285
mixed,19.98102932715257,26.412009767982124
mixed,20.329929824959702,26.400963650924023
mixed,20.684922679440614,26.402265834785393
mixed,21.046114272816222,26.415966280132633
mixed,21.413612844909963,26.44212533242992
mixed,21.787528525584413,26.48081385350604
mixed,22.167973367744448,26.5321133580657
mixed,22.555061380916573,26.5961161552614
mixed,22.94890856541464,26.672925495332137
mixed,23.349632947102172,26.762655721304288
mixed,23.75735461276167,26.86543242573788
mixed,24.172195746081535,26.98139261248834
mixed,24.59428066427135,27.110684863440053
mixed,25.023735855316584,27.2534695101521
mixed,25.46069001588377,27.409918810340475
mixed,25.90527408988758,27.58021712910302
mixed,26.357621307731343,27.764561124773575
mixed,26.81786722623278,27.963159939272032
mixed,27.286149769246897,28.176235392793544
mixed,27.762609268998155,28.404022182656934
mixed,28.247388508134527,28.646768086106523
mixed,28.740632762515705,28.904734166833915
mixed,29.242489844748555,29.178194984957347
mixed,29.753110148482772,29.46743881016431
mixed,30.272646693479956,29.77276783769061
mixed,30.801255171469727,30.094498406772473
mixed,31.33909399280646,30.43296122117164
mixed,31.886324333940895,30.788501571332297
mixed,32.4431101857205,31.16147955768689
mixed,33.009618402533306,31.552270314582355
mixed,33.586018752309926,31.961264234250763
mixed,34.172483967398556,32.388867190198404
mixed,34.769189796328504,32.83550075933343
mixed,35.37631505647738,33.30160244209692
mixed,35.9940416876582,33.78762587980331
mixed,36.62255480664197,34.29404106833344
mixed,37.26204276263245,34.821334567259996
mixed,37.91269719370955,35.37000970341568
mixed,38.57471308425834,35.94058676784449
mixed,39.24828882340089,36.533603205001896
mixed,39.93362626444824,37.14961379299189
mixed,40.630930785390845,37.789190813549936
mixed,41.34041135044492,38.452924210395466
mixed,42.0622805726737,39.14142173449269
mixed,42.79675477770209,39.85530907466855
mixed,43.544054068543915,40.59522997194443
mixed,44.30440239156101,41.361846315843465
mixed,45.07802760357436,42.15583822083899
mixed,45.8651615401468,42.97790408100866
mixed,46.666040085058206,43.82876060085919
mixed,47.48090324099377,44.70914280018275
mixed,48.30999520146666,45.61980399070232
mixed,49.153564423996535,46.56151572215833
mixed,50.01186370456576,47.535067695383795
mixed,50.885150253376025,48.541267639810165
mixed,51.773685771927504,49.58094115274235
mixed,52.67773653144411,50.65493149763825
mixed,53.597573452668094,51.76409935852931
mixed,54.533472187048034,52.909322547620114
mixed,55.48571319934451,54.0914956630144
mixed,56.45458185167806,55.31152969342545
mixed,57.440368489045014,56.57035156664963
mixed,58.44336852632634,57.86890363850676
mixed,59.46388253681586,59.20814311888773
mixed,60.50221634229438,60.5890414314951
mixed,61.558681104676566,62.01258350381968
mixed,62.6335934192582,63.47976698386836
mixed,63.72727540959154,64.99160138014368
mixed,64.84005482401761,66.54910712138
mixed,65.97226513388385,68.15331453256319
mixed,67.1242456334769,69.80526272380413
mixed,68.29634154170037,71.50599838870279
mixed,69.48890410552808,73.25657450893164
mixed,70.70229070526372,75.05804896188512
mixed,71.93686496163848,76.91148302839181
mixed,73.19299684477892,78.8179397976652
mixed,74.47106278507745,80.77848246688383
mixed,75.7714457859988,82.79417253304207
mixed,77.09453553885633,84.86606787500322
mixed,78.44072853959251,86.99522072401383
mixed,79.81042820759852,89.18267552131304
mixed,81.20404500660855,91.4294666618858
mixed,82.62199656770545,93.73661612387146
mixed,84.06470781447385,96.10513098364888
mixed,85.53261109033883,98.5360008171774
mixed,87.02614628812817,101.03019498878074
mixed,88.54576098189689,103.58865982921562
mixed,90.0919105610537,106.2123157055757
mixed,91.66505836682929,108.90205398633276
mixed,93.26567583112808,111.65873390562324
mixed,94.89424261780408,114.4831793317327
mixed,96.55124676640374,117.37617544562607
mixed,98.23718483841893,120.33846533630044
mixed,99.95256206609352,123.3707465207086
mixed,101.69789250382873,126.47366739700124
mixed,103.47369918223166,129.64782364086042
mixed,105.2805142648544,132.8937545557471
mixed,107.11887920766968,136.21193938894262
mixed,108.98934492133094,139.6027936263268
mixed,110.89247193626662,143.0666652798999
mixed,112.8288305706564,146.60383118309184
mixed,114.79900110134092,150.21449330992957
mixed,116.80357393771584,153.89877513511095
mixed,118.8431497986622,157.65671805296958
mixed,120.91833989256664,161.48827787418494
mixed,123.02976610048472,165.39332141988965
mixed,125.17806116250252,169.37162323353127
mixed,127.3638688673528,173.42286243145247
mixed,129.58784424534176,177.54661971363726
mixed,131.85065376464476,181.74237455643024
mixed,134.1529755310298,186.0095026092444
mixed,136.49549949106836,190.34727331733097
mixed,138.8789276388941,194.7548477925636
mixed,141.30397422657344,199.23127695390437
mixed,143.77136597814763,203.77549995871703
mixed,146.2818423074137,208.3863429454275
mixed,148.83615553950762,213.06251810712544
mixed,151.43507113635664,217.80262311461743
mixed,154.0793679260688,222.60514090612455
mixed,156.76983833632747,227.4684398593013
mixed,159.50728863186157,232.39077435953095
mixed,162.29253915606236,237.37028577651895
mixed,165.12642457681932,242.40500385909493
mixed,168.00979413664845,247.49284855582707
mixed,170.94351190718862,252.631632266598
mixed,173.92845704814155,257.81906252767084
mixed,176.9655240707328,263.0527451300392
mixed,180.0556231057748,268.33018766801916
mixed,183.1996801764088,273.64880351210627
mixed,186.39863747561049,279.00591619716516
mixed,189.65345364854085,284.3987642140204
mixed,192.96510407982765,289.8245061895399
mixed,196.3345811858628,295.2802264373626
mixed,199.76289471220431,300.7629408585631
mixed,203.25107203617085,306.2696031687887
mixed,206.8001584747202,311.7971114257944
mixed,210.41121759770417,317.3423148288574
mixed,214.08533154659287,322.9020207593128
mixed,217.8236013587646,328.4730020294435
mixed,221.6271472974588,334.0520043052
mixed,225.49710918748912,339.63575366674746
mixed,229.43464675682105,345.2209642696573
mixed,233.4409399841113,350.80434606868766
mixed,237.51718945231772,356.3826125655482
mixed,241.6646167084828,361.95248854183774
mixed,245.8844646297999,367.51071773844274
mixed,250.17799779607168,373.0540704431514
mixed,254.54650286867204,378.5793509489974
mixed,258.9912889761254,384.0834048469481
mixed,263.51368810641884,389.5631261179398
mixed,268.1150555061646,395.01546399094065
mixed,272.79677008673275,400.4374295356617
mixed,277.5602348374751,405.82610196071386
mixed,282.4068772461656,411.1786345904006
mixed,287.3381497267805,416.4922604959051
mixed,292.35553005475094,421.7642977593541
mixed,297.46052180981326,426.9921543520851
mixed,302.6546548265934,432.1733326113644
mixed,307.9394856530588,437.30543330279806
mixed,313.3165980169761,442.3861592586661
mixed,318.78760330051324,447.41331858541
mixed,324.35414102312933,452.384827436456
mixed,330.01787933289654,457.29871234943136
mixed,335.78051550640106,462.1531121496211
mixed,341.6437764573731,466.9462794241733
mixed,347.60941925419866,471.6765815740899
mixed,353.6792316464676,476.3425014533914
mixed,359.8550326007166,480.9426376070403
mixed,366.13867284552504,485.4757041211922
mixed,372.53203542613306,489.94053010114885
mixed,379.03703626874017,494.33605879396464
mixed,385.65562475465936,498.66134637404866
mixed,392.38978430449663,502.9155604112554
mixed,399.24153297253105,507.09797804192425
mixed,406.2129240514736,511.2079838640632
mixed,413.30604668778625,515.2450675784229
mixed,420.5230265077452,519.2088213975563
mixed,427.8660262544367,523.0989372451179
mixed,435.3372464358751,526.9152037676582
mixed,442.9389259844387,530.6575031809817
mixed,450.6733429278206,534.3258079728306
mixed,458.5428150716929,537.9201774831822
mixed,466.54970069429663,541.4407543828889
mixed,474.6963992531545,544.8877610706709
mixed,482.98535210412774,548.2614960077199
mixed,491.4190432330272,551.5623300082905
mixed,500.0,554.7907025037299
