architecture,K_C,K_D,n_binders,n_cleavers,simulated_range_mean,simulated_range_p25,simulated_range_p75,mean_field_range,persistence_length,effective_trail_width,detachment_area,n_trajectories,n_detached,n_at_observation_time,observation_time
mixed,0.1,10.0,4,16,52.303904583876445,24.546695696726275,72.440321541332,199.01870972974604,6.006054228810179,0.008242513479969448,0.0495049829423954,64,64,0,1000000.0
mixed,0.1,10.0,10,10,260.5963641503643,120.29350758138716,356.70486389911025,298.9352416347165,5.366331109225742,0.0022491439821753782,0.0120696513206756,64,64,0,1000000.0
mixed,0.1,50.0,10,10,92.88242102379763,47.413391803157296,111.52770725269752,228.55478346877425,5.498138679584465,0.004484073885464397,0.0246540600717864,64,64,0,1000000.0
mixed,0.1,100.0,10,10,67.70202535119068,29.97294383425532,91.12193741596644,113.56651969554738,4.507926271306545,0.011680683213300751,0.0526556587240478,64,64,0,1000000.0
mixed,0.1,200.0,10,10,67.38585796158142,32.49492758207273,96.74352536083192,50.112467272838565,3.448132543740479,0.03287376970385916,0.1133531151513066,64,64,0,1000000.0
mixed,0.1,1000.0,10,10,63.34651722417772,11.903505890598929,88.84221562073682,7.645247968227664,1.7491064825747529,0.3616659275706165,0.6325922184401763,128,128,0,1000000.0
mixed,0.1,100.0,16,4,284.12471875151004,116.1908729443002,374.3329088018772,300.03792127771453,5.416204243240205,0.002298845488269432,0.0124510166881185,64,64,0,1000000.0
mixed,0.1,200.0,16,4,105.30540335168152,49.47868669552816,140.95895638784555,133.30717806662457,4.2078196286928025,0.006405340842108612,0.0269525189238923,64,58,6,1000000.0
mixed,1.0,10.0,10,10,37.83513389402465,15.016194511475362,55.0017319201984,74.83672112165446,3.622470337903126,0.014946195582255892,0.0541421501612207,64,64,0,1000000.0
mixed,1.0,50.0,10,10,34.116847130128605,9.816761191883106,48.19609740378704,56.92136500300019,3.644860921531181,0.029236158755975974,0.1065617325453385,64,64,0,1000000.0
mixed,1.0,100.0,10,10,44.76949393325283,9.887739625838991,63.62427247760665,28.140346970619973,2.878975046590768,0.0723983424723099,0.2084330213923128,256,256,0,1000000.0
mixed,1.0,200.0,10,10,45.27565706550677,5.956230314384173,71.37679347204983,12.94234785194432,2.180908928022721,0.1965322082925053,0.4286188477091459,256,256,0,1000000.0
mixed,1.0,10.0,16,4,128.74865505471,61.00190053029813,161.46382851796926,126.45263092636556,3.7361424747374623,0.0048830828761319365,0.0182438933411797,64,64,0,1000000.0
mixed,1.0,50.0,16,4,65.68278271320159,29.291128961220984,85.02904364915634,138.5737623857344,4.291827593803744,0.006253142960436803,0.0268374115056023,64,64,0,1000000.0
mixed,1.0,100.0,16,4,47.24767311449801,20.137288879953022,64.32320941066043,71.49878660342007,3.474218029053845,0.014464893727449694,0.0502541945762536,256,256,0,1000000.0
mixed,1.0,200.0,16,4,35.39964265881362,15.530428645479832,48.55291893353188,31.788433402429117,2.612682864676607,0.03831817831035671,0.1001132478770918,256,250,6,1000000.0
mixed,10.0,10.0,16,4,31.692625651916693,13.45603518158254,42.51991712035875,30.91926691921361,2.3812443379545676,0.02981159772889325,0.0709886982973063,64,64,0,1000000.0
mixed,10.0,50.0,16,4,28.282740806913324,11.57497225559021,38.56911416110592,33.73903984017926,2.728402128167931,0.03846409811579889,0.1049455271572058,64,64,0,1000000.0
mixed,10.0,100.0,16,4,27.705019656626813,12.264829657965905,36.38864743499407,17.977680663097953,2.2015736295949435,0.08693481174857313,0.1913933890394593,256,256,0,1000000.0
mixed,10.0,200.0,16,4,23.6410177715394,11.214888041951188,32.158720198001085,8.71876948205467,1.7037340542272617,0.22819836387371692,0.3887893236505956,256,249,7,1000000.0
polarized,0.1,10.0,4,16,236.0284363013833,138.25339171873657,290.9529938651277,356.69481299808467,9.81735315081149,0.010899945570061458,0.1070086149859166,64,64,0,1000000.0
polarized,0.1,50.0,4,16,188.09911665430928,101.98893355569987,260.9835699966704,296.7461993543016,11.69040312685448,0.029762142716895295,0.3479314462794821,64,64,0,1000000.0
polarized,1.0,10.0,4,16,216.0903423102671,83.0350574051545,283.4592997564997,256.6975048511002,13.88817262329637,0.07454815003914163,1.035337576490997,64,64,0,1000000.0
polarized,1.0,50.0,4,16,210.0927948307777,90.33425785680768,296.6943123703089,329.5094567744886,20.647180913350127,0.1572385628230793,3.246533053163288,64,64,0,1000000.0
polarized,1.0,100.0,4,16,377.1593124239482,152.82319466007283,502.0318342133849,611.4069177277286,37.69771143616306,0.27621734350257615,10.412761709023645,256,256,0,1000000.0
polarized,1.0,10.0,10,10,266.48117456007924,101.2758607376401,366.89026976996047,318.10086661913806,11.602721694559571,0.024689767335570285,0.2864684990980496,64,64,0,1000000.0
polarized,1.0,50.0,10,10,729.7271837507445,273.33322187448806,1063.959839293502,461.7811777419393,17.475518873647246,0.0405136624053735,0.7079972720056774,64,64,0,1000000.0
polarized,1.0,100.0,10,10,1040.386694513374,518.9727928014398,1421.597052747365,796.1718576316078,30.83636062728312,0.0754523580483171,2.326676122956794,256,225,31,1000000.0
polarized,1.0,10.0,16,4,368.1146929765438,166.86081361011753,512.6235087580212,326.22571786516653,8.69927038092677,0.008982289135335645,0.0781393618279457,64,64,0,1000000.0
polarized,1.0,50.0,16,4,775.4098840529394,421.7743611892092,1063.053585020926,534.0610529176913,13.257454146566634,0.011617668532362287,0.1540207078578031,64,52,12,1000000.0
polarized,10.0,10.0,4,16,253.3579778818807,99.31075345175928,325.28975226609816,146.22669103317324,16.108764953235227,0.4872336606311016,7.848732516410795,64,64,0,1000000.0
polarized,10.0,50.0,4,16,382.4154253407968,183.8814118670015,531.125539907953,181.36370320037952,21.670262171497857,0.8040603403843523,17.42419837783272,64,64,0,1000000.0
polarized,10.0,100.0,4,16,506.79033421700086,240.547095687176,694.9569563502223,369.12652610038367,37.8809487074407,0.959925073115929,36.36287245769077,256,256,0,1000000.0
polarized,10.0,10.0,10,10,286.6719456768915,115.31403181218344,309.4635160470998,151.52472947233505,12.829853914766865,0.20234999724232058,2.596120904272451,64,64,0,1000000.0
polarized,10.0,50.0,10,10,834.0278566798376,366.3916261622483,1195.8792657863162,222.6924493990517,19.15954637806955,0.31423558712548694,6.020611305170681,64,64,0,1000000.0
polarized,10.0,100.0,10,10,1125.7528444902096,527.8133527243427,1545.5702384944618,365.0037994945078,31.725635368547636,0.5335092603982683,16.92592026113899,256,239,17,1000000.0
polarized,10.0,10.0,16,4,244.19084136974627,108.32069711527087,327.05358722188305,150.06438081891173,9.6478129413073,0.07813614274040948,0.753842889114757,64,64,0,1000000.0
polarized,10.0,50.0,16,4,621.0170768755413,303.55603672577547,856.701774752561,283.7938540203062,15.90445289320684,0.092814363312965,1.476161669124037,64,64,0,1000000.0
