architecture,K_C,K_D,n_binders,n_trajectories,detached_fraction,median_path_in_persistence_lengths,recurrence_range_screen,finite_time_free_range,included_in_repeated_return_comparison
mixed,0.0,1.0,4,64,0.0,inf,209.39786511554263,209.39786511554263,False
mixed,0.0,10.0,4,64,0.0,inf,496.58409003384173,496.58409003384173,False
mixed,0.0,50.0,4,64,0.0,inf,307.9824597805513,307.9824597805513,False
mixed,0.0,100.0,4,64,0.0,inf,177.4481952992177,177.4481952992177,False
mixed,0.0,200.0,4,64,0.0,inf,93.97861087327736,93.97861087327736,False
mixed,0.0,1000.0,4,128,0.0,inf,19.48902088948696,19.48902088948696,False
mixed,0.0,1.0,10,64,0.0,inf,136.4038239097235,136.4038239097235,False
mixed,0.0,10.0,10,64,0.0,inf,421.9121684220962,421.9121684220962,False
mixed,0.0,50.0,10,64,0.0,inf,418.7924692118201,418.7924692118201,False
mixed,0.0,100.0,10,64,0.0,inf,266.91092652927324,266.91092652927324,False
mixed,0.0,200.0,10,64,0.0,inf,146.52216957166152,146.52216957166152,False
mixed,0.0,1000.0,10,128,0.0,inf,30.79622684779759,30.79622684779759,False
mixed,0.0,1.0,16,64,0.0,inf,108.65433665837833,108.65433665837833,False
mixed,0.0,10.0,16,64,0.0,inf,366.0439779011186,366.0439779011186,False
mixed,0.0,50.0,16,64,0.0,inf,466.1361467845837,466.1361467845837,False
mixed,0.0,100.0,16,64,0.0,inf,322.10651288588974,322.10651288588974,False
mixed,0.0,200.0,16,64,0.0,inf,182.79806013316752,182.79806013316752,False
mixed,0.0,1000.0,16,128,0.0,inf,38.93096621936715,38.93096621936715,False
mixed,0.1,1.0,4,64,1.0,65.36088169153201,278.9991912920999,278.9991912920999,False
mixed,0.1,10.0,4,64,1.0,208.74198262045252,127.48890512968087,553.5214785813714,True
mixed,0.1,50.0,4,64,1.0,23.766468488860923,61.217698216735734,390.6570601895344,False
mixed,0.1,100.0,4,64,1.0,13.802745070896686,38.4098510412876,281.65689509085325,False
mixed,0.1,200.0,4,64,1.0,9.89426359325419,26.85233079976302,212.67482097046073,False
mixed,0.1,1000.0,4,128,1.0,4.099198612415745,16.562364934812138,131.31062273933557,False
mixed,0.1,1.0,10,64,1.0,636.5469220841727,220.8812956223789,220.8812956223789,False
mixed,0.1,10.0,10,64,1.0,2120.976049454454,186.08682391087868,490.5801068844456,True
mixed,0.1,50.0,10,64,1.0,384.1562839265172,106.8058891736009,489.3620193879194,True
mixed,0.1,100.0,10,64,1.0,145.55137189689938,65.75953146197406,357.22027064973304,True
mixed,0.1,200.0,10,64,1.0,94.28465696798104,41.528057435422646,257.070881990593,True
mixed,0.1,1000.0,10,128,1.0,70.32953885442974,22.53045367410016,149.2911571632134,True
mixed,0.1,1.0,16,64,0.359375,2252.3036340591893,176.25603852096748,176.25603852096748,False
mixed,0.1,10.0,16,64,0.046875,13491.462405062426,360.83411338445467,418.2795325852686,False
mixed,0.1,50.0,16,64,0.796875,8051.743634794227,197.14779971812496,510.3503595671215,False
mixed,0.1,100.0,16,64,1.0,1565.115472799498,121.6654114909975,380.0058953287586,True
mixed,0.1,200.0,16,64,0.90625,477.3721767418954,69.6843885229294,259.9225452970933,True
mixed,0.1,1000.0,16,128,0.1640625,66.69053513771163,31.24316651299139,136.4826808029367,False
mixed,1.0,1.0,4,64,1.0,9.324606370203291,162.47318681427882,405.01894685969745,False
mixed,1.0,10.0,4,64,1.0,9.110417169602234,46.679869764649965,697.6152478843045,False
mixed,1.0,50.0,4,64,1.0,5.123707323309015,25.4150435108729,542.3050318672101,False
mixed,1.0,100.0,4,256,1.0,4.8537739228786805,18.816207018592376,431.7848272469429,False
mixed,1.0,200.0,4,256,1.0,3.633369317575842,14.958654941934835,350.11671829034066,False
mixed,1.0,1000.0,4,128,1.0,1.4924786551373614,10.14663286363436,224.1604673608663,False
mixed,1.0,1.0,10,64,1.0,59.35592447642085,346.19976720348933,346.19976720348933,False
mixed,1.0,10.0,10,64,1.0,48.011843224025625,72.26080193605152,649.4232173434789,True
mixed,1.0,50.0,10,64,1.0,38.825597032972986,40.32068042471457,641.5682303666382,True
mixed,1.0,100.0,10,256,1.0,47.61424020992922,28.490132614081404,512.4149864190243,True
mixed,1.0,200.0,10,256,1.0,45.836441886535034,21.25183209713149,406.53942801097054,True
mixed,1.0,1000.0,10,128,1.0,9.384025440417616,13.691197263357411,257.8876467323024,False
mixed,1.0,1.0,16,64,1.0,340.23462464547816,277.15085160194593,277.15085160194593,False
mixed,1.0,10.0,16,64,1.0,546.2999547217075,135.93777437886325,545.743012776435,True
mixed,1.0,50.0,16,64,1.0,225.18231648771769,67.5947156667701,625.8970736603051,True
mixed,1.0,100.0,16,256,1.0,137.12857774440394,45.861323706180904,501.4548006885355,True
mixed,1.0,200.0,16,256,0.9765625,90.05362075053152,31.514872729791712,384.269150995183,True
mixed,1.0,1000.0,16,128,0.1015625,39.44666400507794,18.577467065483557,234.81871909479787,False
mixed,10.0,1.0,4,64,1.0,4.11302053844657,83.53341793416813,641.3164074785889,False
mixed,10.0,10.0,4,64,1.0,4.003683921045773,21.843781011973142,1025.3361016690092,False
mixed,10.0,50.0,4,64,1.0,3.009826200536847,13.183947496638316,845.3050886394293,False
mixed,10.0,100.0,4,256,1.0,2.464079268200503,10.659844755101028,703.0851177098662,False
mixed,10.0,200.0,4,256,1.0,2.0249587900768686,8.89024032285368,578.3456999355132,False
mixed,10.0,1000.0,4,128,1.0,0.5252280874256824,5.944812295264499,338.8793565152662,False
mixed,10.0,1.0,10,64,1.0,51.483211597925326,573.1519197604896,573.1519197604896,False
mixed,10.0,10.0,10,64,1.0,25.353893719535694,35.5200629109521,996.4921156247592,False
mixed,10.0,50.0,10,64,1.0,9.41850492653978,19.560080245098508,972.702555516471,False
mixed,10.0,100.0,10,256,1.0,6.214448428850968,15.219727652796376,819.8754528749467,False
mixed,10.0,200.0,10,256,1.0,4.703859347493506,12.335412929487887,678.0400575226454,False
mixed,10.0,1000.0,10,128,1.0,3.4398571590476252,8.410864011022948,430.5128063433884,False
mixed,10.0,1.0,16,64,1.0,100.9282837441018,464.3978882724387,464.3978882724387,False
mixed,10.0,10.0,16,64,1.0,59.626221302562264,65.22028350750533,832.4870383291403,True
mixed,10.0,50.0,16,64,1.0,54.61942158195865,29.935158558527217,902.987934878994,True
mixed,10.0,100.0,16,256,1.0,48.62857081278219,22.33780436104706,766.0309222167647,True
mixed,10.0,200.0,16,256,0.97265625,44.23638236003666,17.330889275841898,627.6978190579921,True
mixed,10.0,1000.0,16,128,0.0,31.828229837507084,11.550754916752233,403.33526844984584,False
polarized,0.0,1.0,4,64,0.0,inf,209.39786511554263,209.39786511554263,False
polarized,0.0,10.0,4,64,0.0,inf,496.58409003384173,496.58409003384173,False
polarized,0.0,50.0,4,64,0.0,inf,307.9824597805513,307.9824597805513,False
polarized,0.0,100.0,4,64,0.0,inf,177.4481952992177,177.4481952992177,False
polarized,0.0,200.0,4,64,0.0,inf,93.97861087327736,93.97861087327736,False
polarized,0.0,1000.0,4,128,0.0,inf,19.48902088948696,19.48902088948696,False
polarized,0.0,1.0,10,64,0.0,inf,136.4038239097235,136.4038239097235,False
polarized,0.0,10.0,10,64,0.0,inf,421.9121684220962,421.9121684220962,False
polarized,0.0,50.0,10,64,0.0,inf,418.7924692118201,418.7924692118201,False
polarized,0.0,100.0,10,64,0.0,inf,266.91092652927324,266.91092652927324,False
polarized,0.0,200.0,10,64,0.0,inf,146.52216957166152,146.52216957166152,False
polarized,0.0,1000.0,10,128,0.0,inf,30.79622684779759,30.79622684779759,False
polarized,0.0,1.0,16,64,0.0,inf,108.65433665837833,108.65433665837833,False
polarized,0.0,10.0,16,64,0.0,inf,366.0439779011186,366.0439779011186,False
polarized,0.0,50.0,16,64,0.0,inf,466.1361467845837,466.1361467845837,False
polarized,0.0,100.0,16,64,0.0,inf,322.10651288588974,322.10651288588974,False
polarized,0.0,200.0,16,64,0.0,inf,182.79806013316752,182.79806013316752,False
polarized,0.0,1000.0,16,128,0.0,inf,38.93096621936715,38.93096621936715,False
polarized,0.1,1.0,4,64,1.0,68.80900538605754,672.2370404224192,672.2370404224192,False
polarized,0.1,10.0,4,64,1.0,337.3540345424343,437.2917752352001,752.4103570066425,True
polarized,0.1,50.0,4,64,1.0,153.5840108854939,417.3637064628259,742.5384090576678,True
polarized,0.1,100.0,4,64,1.0,63.84356799427246,876.6135111431292,876.6135111431292,False
polarized,0.1,200.0,4,64,0.953125,37.47098489959592,1122.8486724486004,1122.8486724486004,False
polarized,0.1,1000.0,4,128,0.0,6.0363368812499205,1779.408795326841,1779.408795326841,False
polarized,0.1,1.0,10,64,1.0,91.59591819538758,383.57090547996194,383.57090547996194,False
polarized,0.1,10.0,10,64,0.796875,3348.047678765667,415.3000558325655,536.8548162647265,False
polarized,0.1,50.0,10,64,0.734375,2243.753900652326,357.1520026244751,619.2831143345877,False
polarized,0.1,100.0,10,64,0.546875,754.1765160952939,622.9014883787592,662.345034546962,False
polarized,0.1,200.0,10,64,0.359375,212.7761074105971,825.7941977799356,825.7941977799356,False
polarized,0.1,1000.0,10,128,0.0,9.510810759733769,1419.3267970525626,1419.3267970525626,False
polarized,0.1,1.0,16,64,0.203125,479.10632407427937,226.88602388359175,226.88602388359175,False
polarized,0.1,10.0,16,64,0.0,7120.582948184616,409.2915436245983,409.2915436245983,False
polarized,0.1,50.0,16,64,0.015625,5308.049530888219,404.9459605573407,533.0167737062736,False
polarized,0.1,100.0,16,64,0.0,1755.5838161899806,479.4936471416997,479.4936794139392,False
polarized,0.1,200.0,16,64,0.0,447.19640334615366,523.1594105777191,523.1594105777191,False
polarized,0.1,1000.0,16,128,0.0,15.63375703181973,951.124792204636,951.124792204636,False
polarized,1.0,1.0,4,64,1.0,31.507993320651767,1693.0376519454878,1693.0376519454878,False
polarized,1.0,10.0,4,64,1.0,73.21969616437907,687.8918147375657,1630.1698999640996,True
polarized,1.0,50.0,4,64,1.0,48.68237376273232,749.4810064657426,1707.5133263990838,True
polarized,1.0,100.0,4,256,1.0,38.48326807502707,1519.0808466023536,1893.7518426243216,True
polarized,1.0,200.0,4,256,0.95703125,33.8558283088628,2012.5875616583896,2012.5875616583896,False
polarized,1.0,1000.0,4,128,0.0,8.713767693162819,1960.2955679826991,1960.2955679826991,False
polarized,1.0,1.0,10,64,1.0,21.40485023418707,833.3755212019128,833.3755212019128,False
polarized,1.0,10.0,10,64,1.0,259.72799945599803,475.2834339460194,983.4926398513188,True
polarized,1.0,50.0,10,64,1.0,593.5638231393924,503.0381842886581,1254.9775446284232,True
polarized,1.0,100.0,10,256,0.87890625,365.36965019230337,1067.094734654517,1479.5119227176417,True
polarized,1.0,200.0,10,256,0.4140625,149.17764389609022,1694.2732726169477,1694.2732726169477,False
polarized,1.0,1000.0,10,128,0.0,11.245323345609991,1749.6968611872323,1749.6968611872323,False
polarized,1.0,1.0,16,64,0.796875,176.56723443725866,537.7698132151753,537.7698132151753,False
polarized,1.0,10.0,16,64,1.0,911.4779827565682,469.40314580808587,632.8855247020297,True
polarized,1.0,50.0,16,64,0.8125,1538.3090552693336,367.8494428519395,860.4325119942301,True
polarized,1.0,100.0,16,64,0.328125,852.839986006041,724.3914452491321,1011.2303206090688,False
polarized,1.0,200.0,16,64,0.046875,275.11909863825787,1243.9825706277625,1243.9825706277625,False
polarized,1.0,1000.0,16,128,0.0,13.429121412443914,1587.775295474523,1587.775295474523,False
polarized,10.0,1.0,4,64,1.0,34.00815196064114,1837.5834385584672,1837.5834385584672,False
polarized,10.0,10.0,4,64,1.0,47.9707425507661,533.4166437024289,2296.749585168345,True
polarized,10.0,50.0,4,64,1.0,53.20563732482648,511.63294152485514,2104.4680872032477,True
polarized,10.0,100.0,4,256,1.0,46.81900360276422,939.3349188928588,2053.930415787007,True
polarized,10.0,200.0,4,256,0.9296875,45.144873740673184,2034.6492716759813,2034.6492716759813,False
polarized,10.0,1000.0,4,128,0.0,9.356020395167464,1960.2955688343925,1960.2955688343925,False
polarized,10.0,1.0,10,64,1.0,18.999478778231232,845.6920406054284,845.6920406054284,False
polarized,10.0,10.0,10,64,1.0,148.43594685930282,307.78445011618976,1256.547084480411,True
polarized,10.0,50.0,10,64,1.0,475.5047593894009,373.4418699419955,1657.747362755208,True
polarized,10.0,100.0,10,256,0.93359375,313.91998620528693,713.5973614036446,1751.0716295017046,True
polarized,10.0,200.0,10,256,0.46875,150.1651497192421,1604.697554524127,1783.85616796808,False
polarized,10.0,1000.0,10,128,0.0,11.515286388517096,1749.699124999977,1749.699124999977,False
polarized,10.0,1.0,16,64,0.84375,201.81125281202867,585.6696140052996,585.6696140052996,False
polarized,10.0,10.0,16,64,1.0,302.7091358000501,360.60432548727454,908.2824685411894,True
polarized,10.0,50.0,16,64,1.0,502.6357299428092,355.7235571584651,1370.594411476348,True
polarized,10.0,100.0,16,213,0.6431924882629108,542.3965580800128,671.1453747362314,1535.7870701031927,False
polarized,10.0,200.0,16,64,0.046875,266.1570354117297,1426.7786410084682,1603.0242161168965,False
polarized,10.0,1000.0,16,128,0.0,13.694668721483136,1594.6477121452513,1594.6477121452513,False
