explore_to_exploit_demand_ratio,explore_fraction,escape_fraction,exploit_fraction,simplex_x,simplex_y,explore_contribution,escape_contribution,exploit_contribution,explore_demand,escape_demand,exploit_demand
0.05,0.0447152231896085,0.2010264453469952,0.7542583314633963,0.5781556110786934,0.6532068760633647,0.0162711730198744,0.0727668978921997,0.3254234603974894,0.2236067977499789,1.0,4.47213595499958
0.0525598161705488,0.0466605464334727,0.2046000305844815,0.7487394229820457,0.5789697420755044,0.6484273611173537,0.0169790458386297,0.0740604526363846,0.3230423368212557,0.2292592771744447,1.0,4.361873649453644
0.0552506855176378,0.0486813220857358,0.2081978888994733,0.7431207890147908,0.5797582834068687,0.6435614813671449,0.0177143746131926,0.0753627936701013,0.3206181868555756,0.23505464368448,1.0,4.2543299052722645
0.0580793174820771,0.0507798157345625,0.2118181454060116,0.7374020388594258,0.5805191648357246,0.6386088984547025,0.0184779837557967,0.0766732423282375,0.3181508419326539,0.2409965092736347,1.0,4.149437695234705
0.0610527650033784,0.0529583136320787,0.2154588171359633,0.731582869231958,0.5812502517519423,0.6335693497283846,0.0192707051979689,0.0779910808224472,0.3156401712011336,0.2470885772418029,1.0,4.047131644703234
0.0641784421056258,0.0552191191377364,0.2191178115747964,0.725663069287467,0.58194934621853,0.6284426525911337,0.0200933770963257,0.079315551711136,0.313086083692336,0.2533346445033245,1.0,3.9473479908780384
0.0674641423836781,0.0575645488658969,0.2227929254416763,0.7196425256924267,0.5826141882878897,0.6232287088932371,0.0209468424307383,0.0806458574578841,0.3104885305087063,0.2597386039534327,1.0,3.850024543056701
0.0709180584357972,0.0599969285315641,0.2264818437370719,0.713521227731364,0.583242457602754,0.6179275093548229,0.0218319474926603,0.0819811600867018,0.307847507027072,0.2663044468945219,1.0,3.7551006438735177
0.0745488022911549,0.062518588489433,0.2301821390815056,0.7072992724290613,0.5838317752960364,0.6125391380018175,0.0227495402618564,0.0833205809426724,0.3051630551086087,0.2730362655237485,1.0,3.6625171314944622
0.0783654268831539,0.0651318589628001,0.2338912713693783,0.7009768696678216,0.5843797062032892,0.607063776597627,0.0237004686702775,0.0846632005666448,0.3024352653066752,0.2799382554835155,1.0,3.5722163027442537
0.0823774486221032,0.0678390649604308,0.2376065877619531,0.6945543472776161,0.5848837614007611,0.6015017090513347,0.0246855787523876,0.086008058692694,0.2996642790629489,0.2870147184764281,1.0,3.48414187714254
0.0865948711235316,0.0706425208811848,0.2413253230435685,0.6880321560752467,0.5853414010811918,0.5958533257817434,0.0257057126818719,0.087354154377062,0.296850290881564,0.2942700649463545,1.0,3.398238961826784
0.091028210151304,0.0735445248080737,0.2450446003649474,0.6814108748269788,0.5857500377784368,0.5901191280151419,0.0267617066953321,0.0887004462672181,0.2939935504702306,0.3017088168272581,1.0,3.314454017339987
0.0956885198377326,0.0765473524954541,0.2487614323970664,0.6746912151074795,0.5861070399508062,0.5842997319932685,0.0278543889043206,0.0900458530195327,0.2910943648366156,0.3093356103615176,1.0,3.2327348242619385
0.100587420246063,0.0796532510552547,0.2524727229184267,0.6678740260263185,0.5864097359315861,0.5783958730665811,0.0289845769978565,0.0913892538738331,0.2881531003275831,0.31715519898949,1.0,3.153030450663173
0.1057371263440564,0.0828644323504782,0.2561752688577076,0.6609602987918141,0.5866554182536147,0.572408409646664,0.0301530758384238,0.0927294893927956,0.2851701845982578,0.3251724563121181,1.0,3.075291220361376
0.1111504784609141,0.0861830661067095,0.2598657628126776,0.6539511710806128,0.5868413483529841,0.5663383269903942,0.0313606749553569,0.0940653623737338,0.2821461084972732,0.333392379128429,1.0,2.9994686819604266
0.116840974303484,0.0896112727549864,0.2635407960648599,0.6468479311801536,0.5869647616549367,0.5601867407874213,0.0326081459404723,0.0953956389398362,0.2790814278540297,0.3418200905498155,1.0,2.9255155786528113
0.122822802611579,0.0931511160221354,0.2671968621078038,0.6396520218700608,0.5870228730428342,0.5539549005215519,0.0338962397518078,0.0967190498173196,0.275976765153316,0.3504608431930435,1.0,2.853385818766556
0.1291108785363242,0.0968045952875258,0.2708303607048745,0.6323650440075996,0.5870128827086744,0.5476441925758457,0.0352256839323639,0.0980342918042538,0.2728328110822471,0.3593200224539737,1.0,2.7830344470383435
0.1357208808297453,0.1005736377281304,0.2744376024902463,0.6249887597816233,0.5869319823810579,0.5412561430506158,0.036597179751814,0.0993400294360143,0.269650325934174,0.3684031498640386,1.0,2.7144176165949068
0.1426692909383277,0.1044600902767844,0.2780148141242604,0.6175250955989552,0.586777361923738,0.5347924202631092,0.0380113992802402,0.1006348968514023,0.2664301408540089,0.3777158865315672,1.0,2.6474925616252203
0.1499734340980213,0.108465711421566,0.2815581440114788,0.6099761445669551,0.5865462162949564,0.5282548368974724,0.0394689824040555,0.1019174998624466,0.2631731589093238,0.387264036670101,1.0,2.5822175707264834
0.1576515225331586,0.1125921628772704,0.2850636685866544,0.6023441685360751,0.586235752854692,0.5216453517736563,0.0409705337953831,0.1031864182297793,0.2598803559716074,0.3970535512159016,1.0,2.5185519609072595
0.1657227008669993,0.1168410011629716,0.2885273991704236,0.5946315996666048,0.5858431990037261,0.5149660712042581,0.0425166198472621,0.1044402081442364,0.2565527813922357,0.4070905315369044,1.0,2.456456052231581
0.174207093857127,0.121213669122627,0.2919452893928468,0.5868410414845261,0.5853658101351099,0.5082192499089172,0.044107765588128,0.1056774049140073,0.2531915584580173,0.4173812332354283,1.0,2.395891143088217
0.1831258565747231,0.1257114874285566,0.2953132431789804,0.578975269392463,0.584800877875212,0.501407291456812,0.0457444515900609,0.1068965258552257,0.2497978846116431,0.4279320700470147,1.0,2.3368194860696816
0.192501227152835,0.1303356461103564,0.2986271232864745,0.5710372306031691,0.5841457385880591,0.4945327482090571,0.0474271108862893,0.108096073382382,0.2463730314229888,0.4387496178378222,1.0,2.279204264445961
0.2023565822351617,0.1350871961543762,0.3018827603808014,0.5630300434648223,0.5833977821132126,0.4875983207343927,0.0491561259143705,0.1092745382933445,0.2429183442980146,0.449840618703071,1.0,2.2230095692182834
0.2127164952636132,0.1399670412212291,0.3050759626291373,0.5549569961496336,0.5825544607039541,0.4806068566734855,0.0509318255023219,0.1104304032421213,0.239435241912968,0.4612119851690904,1.0,2.168200376738645
0.2236067977499789,0.1449759295308901,0.3082025257891996,0.5468215446799103,0.5816132981291547,0.4735613490294497,0.0527544819157346,0.1115621463907855,0.2359252153627321,0.4728708045015879,1.0,2.114742526881128
0.23505464368448,0.1501144459667206,0.3112582437645168,0.5386273102687625,0.580571898898898,0.4664649338648312,0.0546243079845509,0.1126682452302364,0.2323898270134775,0.4848243431228263,1.0,2.062602701751422
0.2470885772418029,0.1553830044511929,0.3142389195927262,0.5303780759560808,0.5794279575707666,0.4593208873882785,0.0565414543287091,0.1137471805577088,0.2288307090512613,0.4970800511404606,1.0,2.01174840492126
0.2597386039534327,0.1607818406471381,0.3171403768286077,0.5220777825242543,0.5781792680907348,0.4521326224174516,0.0585060067022417,0.1147974405971655,0.2252495617198704,0.5096455669908576,1.0,1.9621479411748493
0.2730362655237486,0.1663110050389661,0.3199584712787245,0.5137305236823093,0.5768237331198791,0.444903684208363,0.0605179834756389,0.115817525246965,0.2216481512430262,0.5225287221997932,1.0,1.9137703967546529
0.2870147184764281,0.1719703564484688,0.3226891030398158,0.5053405405117155,0.5753593732956735,0.4376377456453049,0.0625773332763503,0.1168059504374793,0.2180283074280377,0.5357375462634928,1.0,1.8665856200942248
0.3017088168272581,0.1777595560394849,0.3253282287885234,0.4969122151719917,0.5737843363745193,0.4303386017897439,0.0646839328071763,0.1177612525796895,0.2143919209500955,0.5492802716530588,1.0,1.8205642030260805
0.31715519898949,0.1836780618648572,0.3278718742657137,0.4884500638694291,0.5720969062004282,0.4230101637910571,0.0668375848619904,0.1186819930842195,0.2107409403186396,0.5631653389454024,1.0,1.7756774624529008
0.333392379128429,0.1897251240077135,0.3303161468946249,0.4799587290976616,0.5702955114434557,0.4156564521666683,0.0690380165577269,0.1195667629288122,0.2070773685295672,0.5774014020838788,1.0,1.7318974224706345
0.3504608431930436,0.195899780367151,0.3326572484684071,0.4714429711644417,0.568378734050628,0.4082815894640211,0.0712848778008577,0.1204141872509238,0.2034032594094743,0.5919973337719044,1.0,1.689196796932363
0.3684031498640386,0.2022008531358843,0.3348914878393781,0.4629076590247375,0.5663453173517469,0.4008897923218076,0.0735777400056628,0.1212229299409392,0.199720713660611,0.6069622310029172,1.0,1.6475489724420658
0.387264036670101,0.2086269460143247,0.3370152935395654,0.4543577604461098,0.5641941737626204,0.3934853629529355,0.0759160950804774,0.1219916982105151,0.196031874617751,0.6223054207301275,1.0,1.606927991767672
0.4070905315369044,0.2151764422019118,0.3390252262598937,0.4457983315381944,0.5619243920289909,0.3860726800767938,0.0782993546967685,0.122719247109755,0.1923389237307043,0.6380364656795914,1.0,1.5673085376630795
0.4279320700470148,0.2218475032023208,0.3409179911137582,0.4372345056839209,0.5595352439557187,0.378656189333407,0.0807268498543688,0.1234043839663381,0.1886440757887105,0.6541651703102319,1.0,1.528665917089042
0.449840618703071,0.2286380684744513,0.3426904496097563,0.4286714819157924,0.5570261905676526,0.3712403932169978,0.0831978307544768,0.1240459727193692,0.1849495739054051,0.6707015869245212,1.0,1.4909760458230987
0.472870804501588,0.2355458559559028,0.3443396312580536,0.4201145127860435,0.5543968876510754,0.363829840571236,0.0857114669901411,0.1246429381206138,0.1812576842854195,0.6876560219336322,1.0,1.4542154334489534
0.4970800511404606,0.2425683634799867,0.3458627447352919,0.4115688917847213,0.5516471906276526,0.3564291156929771,0.0882668480618897,0.1251942697759347,0.177570690795934,0.7050390422809651,1.0,1.4183611687159443
0.5225287221997932,0.2497028711012843,0.3472571885340993,0.4030399403646165,0.5487771587164075,0.349042827095523,0.0908629842239636,0.1256990260001672,0.1738908893686066,0.722861482028053,1.0,1.3833909052594833
0.549280271653059,0.256946444338371,0.3485205610251793,0.3945329946364497,0.5457870583434041,0.3416755959863151,0.0934988076642939,0.1261563374593612,0.1702205822592339,0.7411344491069478,1.0,1.3492828476735632
0.5774014020838789,0.2642959383356802,0.3496506698626146,0.386053391801705,0.5426773657634671,0.3343320445174237,0.0961731740189392,0.1265654105752828,0.1665620721942206,0.7598693322433002,1.0,1.3160157379266533
0.6069622310029172,0.271748002939617,0.3506455406664255,0.3776064563939573,0.5394487688634042,0.3270167838701879,0.0988848642192045,0.1269255306682978,0.1629176564344237,0.779077808054444,1.0,1.2835688421125164
0.6380364656795916,0.2792990886770608,0.3515034249205502,0.369197486402389,0.5361021681217447,0.3197344022378287,0.1016325866671249,0.1272360648162576,0.1592896207881677,0.7987718483269122,1.0,1.2519219375276875
0.6707015869245212,0.2869454536173726,0.3522228070292327,0.3608317393533946,0.53263867670593,0.3124894527717649,0.1044149797324429,0.1274964644087471,0.1556802336061767,0.8189637274779153,1.0,1.221055300067568
0.7050390422809655,0.2946831710920499,0.3528024104802706,0.3525144184276794,0.5290596196941104,0.3052864415586676,0.1072306145616712,0.1277062673780373,0.1520917397918209,0.8396660302054415,1.0,1.1909496919332672
0.7411344491069478,0.3025081382393174,0.3532412030696345,0.3442506586910481,0.5253665324151586,0.2981298156959739,0.1100779981873357,0.1278651000902756,0.1485263548604136,0.8608916593317348,1.0,1.1615863496415422
0.779077808054444,0.3104160853343132,0.3535384011485665,0.3360455135171201,0.5215611579071266,0.291023951533613,0.1129555769230847,0.1279726788828373,0.1449862590813152,0.8826538438450512,1.0,1.1329469723303542
0.8189637274779156,0.3184025858591857,0.3536934728613212,0.3279039412794932,0.5176454435010678,0.2839731431490819,0.1158617400280409,0.128028811236312,0.14147359173629,0.904966147144696,1.0,1.1050137103527575
0.8608916593317348,0.3264630672614577,0.3537061403491386,0.3198307923894035,0.5136215365438405,0.2769815911217301,0.1187948236216016,0.128033396572291,0.1379904455269271,0.9278424754944856,1.0,1.0777691541520114
0.9049661471446964,0.3345928223435113,0.353576380903777,0.3118307967527117,0.5094917792801329,0.2700533916701903,0.1217531148278957,0.1279864266709186,0.1345388611629784,0.9512970866899026,1.0,1.051196323410978
0.9512970866899026,0.342787021221054,0.3533044270618483,0.3039085517170977,0.5052587029203972,0.2631925262143434,0.1247348561272826,0.1278879857050404,0.1311208221621968,0.9753445989443436,1.0,1.0252786564690488
1.0,0.351040723784041,0.3528907656392461,0.2960685105767129,0.5009250209276026,0.2564028514200552,0.1277382498906879,0.1277382498906879,0.1277382498906879,1.0,1.0,1.0
1.0511963234109785,0.3593488925897637,0.352336135712988,0.2883149716972481,0.4964936215616121,0.2496880897812083,0.1307614630711971,0.1275374867565524,0.1243929988709391,1.025278656469049,1.0,0.9753445989443436
1.1050137103527575,0.367706406114749,0.3516415255657565,0.2806520683194944,0.4919675597255037,0.243051820789328,0.133802632026216,0.1272860540379803,0.1210868523825841,1.0511963234109782,1.0,0.9512970866899024
1.1615863496415428,0.3761080722897589,0.3508081686161855,0.2730837590940555,0.4873500481632132,0.2364974727364018,0.1368598674426453,0.1269843982038311,0.1178215183786201,1.0777691541520118,1.0,0.9278424754944852
1.2210553000675683,0.3845486422405797,0.3498375383654377,0.2656138193939826,0.482644448062429,0.2300283151914007,0.1399312593369404,0.1266330526272562,0.1145986257372595,1.1050137103527575,1.0,0.9049661471446958
1.2835688421125162,0.3930228241564317,0.3487313423977403,0.2582458334458281,0.4778542591206543,0.2236474521855721,0.1430148821016091,0.126232635414032,0.1114197208668863,1.1329469723303542,1.0,0.8826538438450512
1.3492828476735637,0.4015252972077434,0.3474915154792325,0.250983187313024,0.4729831091357446,0.217357816135867,0.1461087995696731,0.1257838469045037,0.1082862646787471,1.1615863496415424,1.0,0.8608916593317347
1.4183611687159448,0.4100507254356902,0.3461202118056345,0.2438290627586751,0.4680347431849721,0.2111621625299628,0.1492110700688548,0.1252874668674213,0.1051996299390633,1.1909496919332676,1.0,0.8396660302054412
1.4909760458230996,0.4185937715372779,0.3446197964548277,0.2367864320078943,0.4630130124587749,0.2050630653903132,0.1523197514377538,0.1247443514059724,0.1021610990092501,1.2210553000675683,1.0,0.8189637274779152
1.56730853766308,0.4271491104718356,0.3429928361053722,0.2298580534227921,0.4579218628167683,0.1990629135285786,0.1554329059770385,0.1241554295981021,0.0991718619798978,1.2519219375276878,1.0,0.798771848326912
1.6475489724420658,0.4357114428175206,0.3412420890862382,0.2230464680962413,0.4527653231343588,0.1931639075957402,0.1585486053096695,0.1235216998947465,0.0962330152011579,1.2835688421125162,1.0,0.7790778080544442
1.731897422470635,0.4442755078097851,0.3393704948265631,0.2163539973636517,0.4475474935083889,0.1873680579272338,0.1616649351253947,0.1228442263008901,0.0933455602092022,1.3160157379266535,1.0,0.7598693322433
1.8205642030260805,0.4528360959976559,0.3373811627770436,0.2097827412253005,0.4422725333896938,0.1816771831766472,0.1647799997861725,0.1221241343653679,0.0905104030455397,1.3492828476735634,1.0,0.7411344491069477
1.9137703967546535,0.4613880614580701,0.3352773608766108,0.2033345776653191,0.4369446497092704,0.1760929097259463,0.1678919267707777,0.1213626070060696,0.0877283539631956,1.3833909052594835,1.0,0.7228614820280528
2.0117484049212604,0.4699263335133267,0.3330625036393364,0.1970111628473367,0.4315680850630048,0.1706166718549066,0.1709988709386003,0.1205608801976771,0.0850001275111204,1.4183611687159448,1.0,0.705039042280965
2.114742526881128,0.4784459279018876,0.3307401399370643,0.190813932161048,0.4261471060175883,0.1652497126474681,0.1740990185945253,0.1197202385492607,0.08232634298573,1.4542154334489537,1.0,0.6876560219336321
2.2230095692182843,0.4869419573582068,0.3283139405531033,0.1847441020886898,0.4206859915974482,0.1599930856081511,0.1771905913387679,0.1188420107990059,0.0797075252361943,1.4909760458230992,1.0,0.670701586924521
2.336819486069682,0.4954096415629351,0.3257876855814591,0.1788026728556058,0.415189022009262,0.1548476569575129,0.1802718496875982,0.1179275652530282,0.0771441058080181,1.528665917089042,1.0,0.6541651703102319
2.456456052231582,0.503844316430638,0.3231652517445778,0.1729904318247842,0.4096604676569699,0.1498141085719032,0.1833410964529968,0.116978305194691,0.0746364244076092,1.56730853766308,1.0,0.6380364656795912
2.582217570726484,0.5122414427080213,0.3204505997004683,0.1673079575915104,0.4041045784962235,0.1448929415295375,0.186396679871415,0.1159956642900797,0.0721847306689087,1.6069279917676722,1.0,0.6223054207301274
2.7144176165949068,0.5205966138615158,0.3176477614074042,0.1617556247310801,0.3985255737729442,0.1400844802221377,0.1894369964739443,0.114981102014317,0.0697891862017839,1.6475489724420658,1.0,0.6069622310029172
2.8533858187665566,0.5289055632388474,0.3147608276112495,0.156333609149903,0.3929276321862011,0.1353888769891234,0.1924604936923002,0.1139360991222661,0.0674498669007529,1.6891967969323636,1.0,0.5919973337719042
2.9994686819604275,0.5371641704948731,0.3117939355168569,0.1510418939882699,0.3873148825109919,0.1308061172295578,0.1954656721970832,0.1128621531858636,0.0651667654917231,1.7318974224706345,1.0,0.5774014020838787
3.1530304506631746,0.5453684672774219,0.3087512567010186,0.1458802760215595,0.3816913947117984,0.1263360249457564,0.1984510879667684,0.1117607742188889,0.0629397942937811,1.7756774624529013,1.0,0.5631653389454023
3.3144540173399877,0.553514642174104,0.3056369853201736,0.1408483725057225,0.3760611715730348,0.1219782686716493,0.201415354087772,0.1106334804084284,0.0607687881726649,1.8205642030260805,1.0,0.5492802716530588
3.4841418771425423,0.5615990449259964,0.3024553266615535,0.1359456284124501,0.3704281408677785,0.1177323677386213,0.2043571422877459,0.1094817939706564,0.0586535076623647,1.866585620094225,1.0,0.5357375462634927
3.662517131494464,0.5696181899187372,0.2992104860817458,0.1311713239995169,0.3647961480815042,0.113597698831621,0.2072751842059325,0.1083072371468526,0.0565936422313348,1.913770396754653,1.0,0.5225287221997931
3.850024543056701,0.5775687589658383,0.295906658371831,0.1265245826623307,0.3591689497029964,0.1095735027888025,0.2101682724059686,0.1071113283538289,0.054588813670031,1.9621479411748497,1.0,0.5096455669908576
4.047131644703236,0.5854476034029309,0.2925480175833703,0.1220043790136989,0.3535502070902197,0.1056588915988082,0.2130352611379493,0.1058955785011732,0.0526385795769118,2.0117484049212604,1.0,0.4970800511404605
4.254329905272266,0.5932517455151773,0.2891387073446297,0.1176095471401929,0.3479434809147262,0.1018528555509905,0.2158750668578403,0.1046614874859486,0.0507424369206329,2.0626027017514224,1.0,0.4848243431228262
4.472135954999582,0.6009783793231918,0.2856828316915942,0.1133387889852141,0.3423522261842012,0.0981542704953593,0.2186866685134624,0.103410540873733,0.0488998256569064,2.114742526881129,1.0,0.4728708045015877
4.701092873689603,0.6086248707555263,0.2821844464335741,0.1091906828108995,0.3367797878390239,0.0945619051708078,0.2214691076072567,0.1021442067731697,0.0471101323793756,2.1682003767386453,1.0,0.4612119851690903
4.941771544836059,0.6161887572380847,0.278647551068607,0.1051636916933082,0.3312293969152612,0.0910744285621594,0.2242214880468784,0.100863932909531,0.0453726939848484,2.223009569218284,1.0,0.4498406187030709
5.194772079068657,0.6236677467327245,0.2750760812594218,0.1012561720078537,0.3257041672633486,0.0876904172487681,0.2269429757953592,0.0995711439011919,0.0436868013343227,2.2792042644459616,1.0,0.438749617837822
5.460725310474974,0.6310597162588296,0.2714739018765127,0.0974663818646577,0.3202070928088416,0.0844083627097485,0.2296327983331308,0.0982672387413853,0.0420517028924052,2.336819486069682,1.0,0.4279320700470146
5.740294369528563,0.6383627099327716,0.26784480061088,0.0937924894563485,0.3147410453390543,0.0812266785533819,0.2322902439446149,0.0969535884861619,0.0404666083289544,2.395891143088217,1.0,0.4173812332354283
6.034176336545168,0.6455749365609578,0.264192482155264,0.0902325812837782,0.3093087727971532,0.0781437076407962,0.2349146608423715,0.0956315341481326,0.0389306920680529,2.456456052231582,1.0,0.4070905315369042
6.343103979789805,0.6526947668226091,0.2605205629492416,0.0867846702281494,0.3039128980633163,0.0751577290766324,0.237505456141955,0.0943023847943158,0.0374430967707115,2.51855196090726,1.0,0.3970535512159015
6.667847582568585,0.659720730078538,0.256832566480382,0.0834467034410801,0.298555918200922,0.0722669650420417,0.240062094700679,0.092967415845265,0.0360029367390252,2.582217570726484,1.0,0.3872640366701009
7.009216863860873,0.6666515108420302,0.2531319191307858,0.0802165700271839,0.2932402041443778,0.0694695874479947,0.2425840978334243,0.0916278675716123,0.0346093012308085,2.6474925616252207,1.0,0.3777158865315672
7.368062997280774,0.6734859449475092,0.249421946555747,0.0770921084967437,0.2879680008041189,0.0667637243894862,0.2450710419184764,0.0902849437832285,0.033261257675039,2.7144176165949068,1.0,0.3684031498640386
7.745280733402027,0.6802230154519909,0.2457058705790002,0.0740711139690088,0.2827414275635047,0.064147466383774,0.247522556906128,0.0889398107053748,0.0319578547797074,2.7830344470383452,1.0,0.3593200224539735
8.141810630738094,0.6868618483034572,0.2419868065870268,0.0711513451095161,0.2775624791417848,0.0616188723782746,0.2499383247424683,0.0875935960355021,0.0306981255249129,2.853385818766557,1.0,0.3504608431930434
8.5586414009403,0.6934017078092122,0.2382677614031924,0.0683305307875954,0.2724330267969901,0.0591759755161323,0.2523180777203879,0.0862473881737383,0.0294810900352323,2.925515578652812,1.0,0.3418200905498154
8.996812374061422,0.6998419919360559,0.23455163162107,0.0656063764428739,0.2673548198425071,0.0568167886497738,0.2546615967693855,0.0849022356195901,0.0283057583265375,2.999468681960427,1.0,0.333392379128429
9.457416090031758,0.7061822274727552,0.2308412023751421,0.0629765701521026,0.2623294874511934,0.0545393095949337,0.2569687096952663,0.0835591465269653,0.0271711329235175,3.0752912203613754,1.0,0.3251724563121182
9.941601022809222,0.7124220650838186,0.2271391465261776,0.0604387883900039,0.2573585407211795,0.0523415261196953,0.2592392893802879,0.0822190884092991,0.0260762113451857,3.1530304506631746,1.0,0.3171551989894898
10.45057444399587,0.7185612742820295,0.223448024237914,0.0579907014800564,0.2524433749779422,0.0502214206650087,0.2614732519537435,0.080882987986322,0.0250199884566122,3.2327348242619394,1.0,0.3093356103615174
10.985605433061185,0.7245997383455738,0.2197702829212323,0.0556299787331938,0.2475852722878292,0.0481769747949339,0.2636705549423833,0.079551731163853,0.0240014586860062,3.3144540173399877,1.0,0.3017088168272581
11.54802804167758,0.7305374492039254,0.2161082575217789,0.0533542932742957,0.2427854041589268,0.0462061733765053,0.2658311954094687,0.0782261631379114,0.0230196181070973,3.398238961826784,1.0,0.2942700649463545
12.139244620058346,0.736374502314977,0.2124641711269383,0.0511613265580847,0.2380448344059806,0.0443070084906128,0.2679552080906396,0.0769070886144276,0.0220734663875116,3.4841418771425405,1.0,0.2870147184764281
12.76072931359184,0.7421110915541947,0.2088401358681873,0.0490487725776178,0.2333645221569962,0.0424774830766626,0.2700426635341574,0.0755952721358739,0.0211620086045181,3.5722163027442555,1.0,0.2799382554835153
13.414031738490433,0.7477475041348896,0.2052381540951357,0.0470143417699747,0.2287453249801231,0.0407156143150019,0.272093666252471,0.0742914385062398,0.0202842569301309,3.662517131494464,1.0,0.2730362655237485
14.10078084561931,0.7532841155770273,0.201660119797972,0.0450557646250007,0.2241880021104723,0.0390194367521829,0.2741083528914449,0.0729962733059246,0.0194392321880956,3.755100643873518,1.0,0.2663044468945218
14.82268898213896,0.758721384740361,0.1981078202555683,0.0431707950040707,0.2196932177576036,0.0373870051750955,0.2760868904229939,0.0717104234883127,0.0186259652857638,3.8500245430567017,1.0,0.2597386039534326
15.581556161088884,0.7640598489360739,0.1945829378871329,0.0413572131767931,0.2152615444755295,0.0358163972408313,0.2780294743662858,0.0704344980500292,0.0178434985242742,3.947347990878038,1.0,0.2533346445033245
16.37927454955832,0.7693001191295799,0.1910870522860233,0.0396128285843968,0.2108934665782218,0.034305715869846,0.2799363270421155,0.0691690687671323,0.0170908867908111,4.047131644703236,1.0,0.2470885772418028
17.21783318663471,0.7744428752456398,0.1876216424151327,0.0379354823392274,0.2065893835847464,0.0328530914105868,0.2818076958645096,0.0679146709897929,0.0163671986370074,4.149437695234706,1.0,0.2409965092736346
18.099322942893927,0.779488861585541,0.1841880889441186,0.0363230494703403,0.2023496136792888,0.0314566835842336,0.2836438516731099,0.0666718044883163,0.0156715172478025,4.254329905272266,1.0,0.2350546436844799
19.025941733798057,0.7844388823647253,0.1807876767096474,0.0347734409256274,0.1981743971724611,0.0301146832185908,0.2854450871093852,0.065440934343694,0.0150029413052556,4.361873649453645,1.0,0.2292592771744447
20.0,0.7892937973779861,0.1774215972807685,0.0332846053412453,0.1940638999513911,0.0288253137804576,0.2872117150392645,0.0642224918762094,0.0143605857519632,4.47213595499958,1.0,0.2236067977499789
